0.27737331440932156,0.013676076983448835,1.0143401910981047,0.9856598089018953
0.47741892529879887,0.01507924483750558,1.01582997286148,0.9841700271385203
0.6772301656637542,0.016503106242942094,1.0172919977247248,0.9827080022752753
0.8772535353277126,0.01786534340226534,1.0186258155777919,0.9813741844222081
1.077180615735624,0.019161622499429952,1.0198132276379146,0.9801867723620855
1.277144930591606,0.020373330119552523,1.0208225478520745,0.9791774521479257
1.4770969023178706,0.021491308901453968,1.0216336719678565,0.9783663280321435
1.6770543820895176,0.0225185161973982,1.0222574251976175,0.9777425748023826
1.8770184378868198,0.023399840149140122,1.0225613878148823,0.9774386121851178
2.0768697513050416,0.019482331377237233,1.0129568358445615,0.9870431641554385
2.276268886122021,0.004102579655793507,0.9813624726998729,1.0186375273001274
2.476131778167962,0.0005236244781293836,0.9716745751405529,1.0283254248594471
2.675399199750727,-0.017468821497720305,0.93544142297596,1.0645585770240402
2.875141241859941,-0.01848917461408117,0.933257038512266,1.0667429614877342
3.0751029233893705,-0.019328691643036723,0.9318869203223108,1.0681130796776892
3.2750862722982816,-0.020255526870467583,0.9307279399597779,1.0692720600402221
3.4750346450192646,-0.021073448928381703,0.9296638545243663,1.0703361454756337
3.6749940563160326,-0.02187508464412287,0.9286605521579875,1.0713394478420126
3.8749502902201787,-0.022640251804385305,0.9277130501428703,1.07228694985713
4.074907549126456,-0.023376600941923568,0.9268189003422986,1.0731810996577016
4.274864652349787,-0.02408365610560394,0.9259755767582698,1.0740244232417302
4.474821921237387,-0.02476330865054974,0.9251805157221248,1.0748194842778753
4.674779272731124,-0.02541674653230003,0.9244311549612495,1.0755688450387506
4.874736649089017,-0.026045465729968104,0.9237249914532776,1.0762750085467225
5.074694188017433,-0.026650212092422066,0.9230597708048323,1.0769402291951677
5.2746518031489815,-0.027239268412725667,0.9224210220368347,1.0775789779631653
5.474609325627901,-0.027801648467755496,0.9218291886280444,1.0781708113719557
5.674566988132562,-0.02834100369228311,0.9212771097248708,1.0787228902751294
5.8745247549893636,-0.028862556225947394,0.9207553304843235,1.0792446695156768
6.074482531582953,-0.029367921106198437,0.9202605264144952,1.0797394735855048
6.27444034020741,-0.029858437196114654,0.9197901306998972,1.080209869300103
6.474398182546628,-0.030335467969163848,0.9193415912656768,1.0806584087343234
6.674356051978024,-0.03080037623683207,0.918912351642361,1.081087648357639
6.874313951143131,-0.031254515437745725,0.9184998546320791,1.0815001453679212
7.074271851652814,-0.03169928509108259,0.9181015350029783,1.0818984649970218
7.27422985014897,-0.03213594420143491,0.9177147766521221,1.0822852233478781
7.474187817460485,-0.03256628958622875,0.9173372232141055,1.0826627767858947
7.67414557728946,-0.03298391915624366,0.9169803020092625,1.0830196979907376
7.87410361672631,-0.033395097088115874,0.9166309225812296,1.0833690774187705
8.074061779396116,-0.033813491320328105,0.916265268054344,1.083734731945656
8.27401968598806,-0.0342318666016083,0.9158958941794351,1.084104105820565
8.473977620268684,-0.034650456845004445,0.915522147610164,1.0844778523898362
8.673935600094627,-0.035070984110630796,0.9151413855837516,1.0848586144162486
8.873893559475901,-0.03549473069611573,0.9147510348999677,1.0852489651000323
9.07385151126365,-0.035923083206883116,0.9143485382540297,1.0856514617459705
9.273809468690542,-0.03635739219637987,0.9139313332970285,1.0860686667029718
9.473767407231993,-0.03679881833093412,0.9134974693688276,1.0865025306311724
9.673725376187601,-0.03724696208465504,0.9130476758456183,1.086952324154382
9.873683104973866,-0.03770127288831768,0.9125838812757847,1.0874161187242155
10.073641091156842,-0.03815922822567935,0.9121085189215118,1.0878914810784883
10.27359917688087,-0.03863266159250899,0.911603389575178,1.0883966104248222
10.473556804250611,-0.0391050490350476,0.9110975481560262,1.0889024518439738
10.673514613122533,-0.039577660663800564,0.9105886249548926,1.0894113750451075
10.873472526949065,-0.04005267528973813,0.9100741008522069,1.0899258991477931
11.073430367344665,-0.04052949804433498,0.9095546264267942,1.090445373573206
11.273388211080615,-0.041007618344799525,0.9090314835680696,1.0909685164319305
11.473346049769217,-0.041486430886777906,0.9085060125892909,1.0914939874107092
11.67330388989525,-0.04196535188849932,0.9079795547019537,1.0920204452980464
11.873261727680298,-0.042443798210444306,0.9074534506947691,1.092546549305231
12.073219580958968,-0.0429211631059276,0.9069290426642203,1.09307095733578
12.273177391158537,-0.04339692721829795,0.9064076860313858,1.0935923139686143
12.47313529471891,-0.043870194646880675,0.9058907819146425,1.0941092180853575
12.67309320787304,-0.04434227909701354,0.9053771904878929,1.094622809512107
12.873050976321498,-0.04480819134316519,0.9048757706244623,1.0951242293755377
13.073008838405269,-0.04526785414083599,0.9043867877212365,1.0956132122787636
13.272966912866659,-0.04572242254521203,0.9039088375279929,1.096091162472007
13.472925082665974,-0.046170273214563795,0.9034462765492927,1.0965537234507075
13.672883132084172,-0.04660102032254671,0.9030197491723223,1.0969802508276778
13.872841216330162,-0.04700008539134353,0.9026575533855183,1.0973424466144817
14.072798957288903,-0.047353360725365355,0.9023888615029854,1.0976111384970149
14.272755849544783,-0.0476459624249438,0.9022392848717663,1.0977607151282338
14.472713442887915,-0.04789370703934889,0.9021738930839062,1.097826106916094
14.672670448883173,-0.048149621652277,0.9020955162084333,1.0979044837915668
14.8726320866909,-0.04846195661899126,0.9018940252924473,1.0981059747075528
15.072592301734332,-0.048918913819700476,0.9014468266578527,1.0985531733421474
15.272542659622397,-0.04936404300170976,0.9010007952489446,1.0989992047510555
15.472533671136862,-0.04987154101080429,0.9004030538778988,1.0995969461221013
15.672394946840896,-0.05039178124906511,0.9000559708543588,1.0999440291456413
15.872701272440837,-0.05010925237812076,0.9003653800936906,1.0996346199063094
16.07248095623464,-0.051139424452649636,0.9013311631838868,1.0986688368161133
16.271213325194356,-0.036901485042369744,0.9297261011196636,1.0702738988803364
16.470625142257305,-0.01666253039525138,0.9692431944784101,1.0307568055215899
16.670400901796015,-0.002428248923874521,0.9969072611109604,1.0030927388890398
16.870039176781525,-0.003616519206265871,0.997395110769617,1.0026048892303832
17.069932120651703,-0.007685431921635101,0.991785400688826,1.008214599311174
17.269890615879877,-0.009203957064822509,0.9893897059311141,1.0106102940688861
17.469837197427367,-0.00939373184471296,0.9898041682028417,1.0101958317971584
17.66979922757854,-0.008902922149776019,0.9913804609738153,1.008619539026185
17.86975968627573,-0.008784966534186605,0.9922504047250349,1.007749595274965
18.069717665850128,-0.009314033858521935,0.9918471587383688,1.0081528412616314
18.2696732405841,-0.010264108354752274,0.9904873348053982,1.009512665194602
18.469628161088465,-0.011486879546022302,0.9884514791737603,1.0115485208262398
18.669584689678707,-0.012880989158817439,0.9859730708253215,1.0140269291746786
18.869543671633267,-0.014158840963078909,0.9836933612969431,1.016306638703057
19.069500322180037,-0.014551114523818007,0.9830321517454674,1.0169678482545326
19.26943796114977,-0.013294330290984226,0.9857016098508571,1.014298390149143
19.469326655337063,-0.009084406541945613,0.9934017706965264,1.0065982293034739
19.668886121800146,-0.0025964151219188677,1.0086544136360358,0.9913455863639643
19.868381004824027,0.017758491509130583,1.045641248011261,0.9543587519887392
20.067660773149576,0.033439724953751686,1.0743248963173446,0.9256751036826555
20.267105948599674,0.041292960806557144,1.089795372166554,0.910204627833446
20.467023810625584,0.04508846721653533,1.0960853946546203,0.9039146053453798
20.666999833173225,0.04716605104517291,1.0988084039011938,0.9011915960988063
20.86698583334035,0.04870305221337984,1.0998458460861442,0.900154153913856
21.06694466487748,0.04968192099116234,1.0998041756781383,0.9001958243218618
21.266865134831097,0.04919549949957082,1.0977660133414893,0.9022339866585107
21.466726213191244,0.04570068240706429,1.0927872661375613,0.9072127338624387
21.66657646204081,0.039390681024645345,1.0867809556097323,0.9132190443902677
21.866305510983878,0.03128337940950707,1.0834007373346797,0.9165992626653204
22.06660736883219,0.023040885069207224,1.0876817165120916,0.9123182834879087
22.266549311971414,0.015039567639540815,1.0967364931334962,0.9032635068665039
22.463192575505907,-0.012449249556425786,1.0813243047160142,0.9186756952839858
22.6580996760376,-0.059262229336928235,1.0445908207322836,0.9554091792677164
22.852037244058252,-0.11063796735031597,1.0110212027742675,0.9889787972257327
23.044471889959045,-0.16400566414931472,0.9878394349212068,1.0121605650787933
23.23381785306147,-0.22832918107731978,0.9652871934138572,1.0347128065861428
23.419605340080697,-0.3020251234514187,0.9465666631325615,1.0534333368674387
23.601365039016564,-0.3851918147596758,0.9320276405422827,1.0679723594577173
23.775480153805557,-0.4839341641100339,0.9153572713897502,1.0846427286102498
23.941659058277057,-0.5947222019319559,0.9035484528956235,1.0964515471043765
24.0994210640078,-0.7170669884970892,0.9002628212865877,1.0997371787134123
24.244707629069495,-0.8544656376363652,0.9004906355960274,1.0995093644039726
24.37242899214143,-1.0081312141458243,0.9000666447656254,1.0999333552343749
24.483092248791774,-1.1744452667029583,0.9052025305797757,1.0947974694202243
24.576248130756312,-1.3513433301234443,0.9140680560273485,1.0859319439726516
24.65191880393739,-1.5363354564462934,0.92312740675806,1.07687259324194
24.717297223280944,-1.725256754025251,0.9423048998324184,1.0576951001675818
24.768252652456287,-1.918623272065301,0.9588179804255326,1.0411820195744674
24.806490987007606,-2.114832841898336,0.9714187203709573,1.0285812796290428
24.838379034091837,-2.312194430313171,0.9882561877776069,1.0117438122223932
24.869776575791867,-2.5097385825788767,1.0164988388671512,0.9835011611328489
24.898967378558858,-2.7076089636620306,1.0488649185770955,0.9511350814229046
24.92492974904392,-2.9058797877325753,1.0785482835303868,0.9214517164696132
24.946215836805095,-3.104648418714661,1.0981144711868935,0.9018855288131067
24.960667726401127,-3.303987472210618,1.0995896684266897,0.9004103315733103
24.975514300185242,-3.503475715441989,1.0930688387156804,0.9069311612843197
25.000379568335468,-3.7019367204991163,1.0938940861136681,0.906105913886332
25.034555782503123,-3.89890321584111,1.0983816072375658,0.9016183927624343
25.076130089792667,-4.094404879567182,1.0997795895017775,0.9002204104982228
25.12648655228942,-4.287915472719479,1.0980738361165852,0.9019261638834151
25.18902921130999,-4.477866875105376,1.0979008653154714,0.9020991346845287
25.264252063189517,-4.663095650395694,1.0991711904543027,0.9008288095456973
25.351930588324883,-4.842734762170282,1.1,0.9
25.451614341342136,-5.01594134648911,1.09894346355119,0.9010565364488101
25.561390961885035,-5.1829088347504,1.093593520713153,0.906406479286847
25.680494643505458,-5.343492465559237,1.0843473607641294,0.9156526392358706
25.808417836921315,-5.497168995872834,1.0727437859037907,0.9272562140962094
25.94423355904235,-5.643900869089828,1.0593238999833297,0.9406761000166703
26.086926304912936,-5.783921405199752,1.0439355031507087,0.9560644968492914
26.235485462209724,-5.917770079645072,1.0263109380550723,0.9736890619449279
26.389557198743574,-6.045252648982066,1.0074303515507093,0.992569648449291
26.548888188833036,-6.166071374579981,0.9885835937505723,1.011416406249428
26.712499893576158,-6.281053595812985,0.9691920674997521,1.030807932500248
26.8800970364429,-6.3901895537412425,0.949836144861192,1.0501638551388082
27.05125249481706,-6.493711904609106,0.9312894224007058,1.0687105775992942
27.225962416881796,-6.590956733878374,0.9155608543802045,1.0844391456197955
27.40441526774831,-6.68109357266476,0.9051591296805646,1.0948408703194354
27.58606919400917,-6.764566556435889,0.9003421123179126,1.0996578876820875
27.77059259897298,-6.841421782690694,0.9014926835563866,1.0985073164436137
27.957377026203734,-6.9127660766363475,0.9073295018957513,1.0926704981042488
28.145611561018576,-6.980391480045133,0.9150612770553104,1.0849387229446896
28.334509813814744,-7.046240030101302,0.9219080565943478,1.0780919434056524
28.523734589738655,-7.110774438250096,0.9278560822573672,1.072143917742633
28.71404535097633,-7.171676222907802,0.9377099955812733,1.062290004418727
28.905875147493862,-7.228106619487639,0.9540846436327678,1.0459153563672323
29.098308999936492,-7.28279197727415,0.9730330446297598,1.0269669553702403
29.29026186713985,-7.3388330934738315,0.9894175591883867,1.0105824408116133
29.48149741954351,-7.397145461508662,1.0019692020535054,0.9980307979464946
29.672229684271777,-7.457151801995811,1.0124993961641788,0.9875006038358212
29.862304711573287,-7.519210437106742,1.0214866163607081,0.9785133836392921
30.051624805563087,-7.5835758999218355,1.0293131209800186,0.9706868790199816
30.240073447177974,-7.650492050177972,1.036200126597924,0.9637998734020763
30.42713002513473,-7.721092393649931,1.0407928286079047,0.9592071713920954
30.61193467141252,-7.797357620463475,1.0402380160794467,0.9597619839205536
30.794328540482592,-7.879332112511286,1.0349376654960443,0.9650623345039558
30.97430562291378,-7.966471443383097,1.0265664204521496,0.9734335795478505
31.151331947740825,-8.059348649430355,1.0146159373306027,0.9853840626693973
31.324114981117898,-8.159975932296712,0.9959993619741838,1.0040006380258164
31.491936494718622,-8.268903831626004,0.970037112518538,1.0299628874814621
31.65589370861285,-8.383533175673803,0.9427633294930309,1.0572366705069693
31.816551792226793,-8.50256599067016,0.9187352225425365,1.0812647774574637
31.975502415869997,-8.623617077975483,0.9041234887527695,1.0958765112472306
32.132871045551184,-8.746842013933882,0.9003010482107243,1.099698951789276
32.28721482270863,-8.873825699038584,0.9040793911736206,1.0959206088263795
32.43902720685299,-9.003839276121685,0.9162042435625306,1.0837957564374694
32.5868945218231,-9.138507737767167,0.9327144440251293,1.0672855559748708
32.72994566550166,-9.278324528201583,0.9509303173907853,1.0490696826092147
32.86623025890479,-9.424650621873582,0.9668309639851751,1.033169036014825
32.9965741682086,-9.576259336652273,0.9816680169998281,1.018331983000172
33.120728002605276,-9.733024380647569,0.9953766976483136,1.0046233023516864
33.2376460885364,-9.89525080532912,1.0057952659813167,0.9942047340186833
33.346478403340925,-10.062954740617792,1.0113645390589967,0.9886354609410035
33.44607722532976,-10.236321577829395,1.0103417913619488,0.9896582086380514
33.537775180469716,-10.414007727641021,1.0052663970725155,0.9947336029274847
33.621694155524565,-10.595459780762,0.996829360853652,1.0031706391463482
33.696732248725,-10.780783255932802,0.9831601031616206,1.0168398968383796
33.76152080663365,-10.97012311972532,0.9625079007348352,1.0374920992651648
33.81849014187068,-11.161848674920009,0.9399422242806383,1.0600577757193619
33.872779371229484,-11.354102645603293,0.9248036813118168,1.0751963186881832
33.92424485685659,-11.547247963675684,0.9178839425881093,1.0821160574118907
33.97110699246505,-11.741574488658914,0.9156454394731255,1.0843545605268747
34.01308593742181,-11.937108738982293,0.9169047979029364,1.0830952020970637
34.04681277004185,-12.134214322018464,0.9165328372141138,1.0834671627858863
34.0736716282993,-12.332321506958209,0.9154109807640449,1.0845890192359553
34.09141786189678,-12.53166131793659,0.9109062891758912,1.089093710824109
34.10013479067018,-12.731440625162953,0.9035062859024547,1.0964937140975453
34.10400084465649,-12.93118636616124,0.9,1.1
34.10349915478926,-13.131076652282708,0.9022241565236351,1.0977758434763651
34.09850542328217,-13.330699087292098,0.909908646005146,1.090091353994854
34.08888352225168,-13.530579820937342,0.9199422781358716,1.0800577218641285
34.06586930804542,-13.729585589265026,0.9199978396251595,1.0800021603748406
34.031447783018805,-13.926477403434568,0.9119309405245708,1.0880690594754294
33.994723711322145,-14.122702874870606,0.9093236300752406,1.0906763699247595
33.95309875825406,-14.31832871438645,0.9107082174446208,1.0892917825553792
33.906440096001354,-14.512761291808115,0.9143455506037671,1.085654449396233
33.85367519875225,-14.70562527942649,0.9184528446230527,1.0815471553769473
33.79506412155446,-14.896820387370981,0.922390634969937,1.077609365030063
33.729244566487615,-15.08567482209166,0.9242351991349997,1.0757648008650005
33.65738735723739,-15.27221459509888,0.9251210659093219,1.0748789340906784
33.57970444890998,-15.456452414274654,0.925203092789397,1.074796907210603
33.49533177005383,-15.63776908822849,0.9229745175467908,1.0770254824532093
33.40449729097342,-15.815935448424085,0.9182615694674318,1.0817384305325684
33.307604291011785,-15.990867225889247,0.9118586960367558,1.0881413039632442
33.20584397451796,-16.162979821093064,0.9057959275534593,1.0942040724465407
33.09981895154781,-16.332478728101943,0.9014398434178484,1.0985601565821517
32.99017435289783,-16.499652553974308,0.9,1.1
32.87702822422126,-16.664500395286144,0.9017197685148993,1.0982802314851008
32.76069240817779,-16.827064145466487,0.9071034571793253,1.092896542820675
32.64159008506756,-16.98763956149956,0.9165283282471368,1.0834716717528634
32.51912816539818,-17.145721144863764,0.928668028975097,1.071331971024903
32.39327988742086,-17.301113141089473,0.9428599676262303,1.0571400323737699
32.2638803363704,-17.453557120696683,0.9583104965331803,1.0416895034668199
32.13088159401501,-17.602887987995853,0.9744585169117003,1.0255414830882998
31.994064858202147,-17.74872126941824,0.9903456924247545,1.0096543075752455
31.853433799593606,-17.89088168858125,1.0055043818661058,0.9944956181338944
31.70895250053319,-18.029125628686486,1.0193120885122977,0.9806879114877023
31.560569023607307,-18.16314314858705,1.031131370759693,0.968868629240307
31.408311465059032,-18.29274087626115,1.0408643908049606,0.9591356091950396
31.25296628691694,-18.418692166484085,1.0498329762574405,0.9501670237425595
31.09428425620643,-18.540346595179244,1.0569082776844447,0.9430917223155553
30.93205111767329,-18.65719684914088,1.0611353533868841,0.938864646613116
30.766450287965164,-18.76918213955633,1.062396440348481,0.9376035596515192
30.597926206261473,-18.876812000530713,1.0622236330531254,0.9377763669468748
30.42761139349998,-18.981785962084658,1.0635840768332305,0.9364159231667696
30.255533406616884,-19.08370121478204,1.0653915226047048,0.9346084773952953
30.080190919766903,-19.179482217004786,1.062005768032736,0.9379942319672643
29.90082736970605,-19.267673964222396,1.050619547134477,0.949380452865523
29.718545167481867,-19.350109930991355,1.0345932677159806,0.9654067322840195
29.534855181587332,-19.429296572719164,1.0189984453563083,0.9810015546436918
29.350377329271947,-19.506427239993506,1.0066328867924803,0.9933671132075199
29.16526013812756,-19.581934716930764,0.9983502541076831,1.001649745892317
28.979333239943447,-19.655425286924643,0.9929220753987062,1.007077924601294
28.791843870623197,-19.72486524523673,0.9865936866767584,1.0134063133232418
28.60239661946546,-19.788933552014836,0.9767437998193216,1.0232562001806784
28.411246784099486,-19.847835178819178,0.9640584893885443,1.0359415106114558
28.219368219910486,-19.90396285834817,0.9526872594864216,1.0473127405135785
28.027087518527512,-19.958551847947877,0.9446361426872054,1.0553638573127948
27.833879226561983,-20.010097211679675,0.9375300530987775,1.0624699469012227
27.639551309517806,-20.057406425024283,0.929070772569826,1.070929227430174
27.444232710741424,-20.100449073335618,0.9191843499296387,1.0808156500703614
27.248258483542674,-20.140249599103026,0.9097052396951044,1.0902947603048956
27.051946566190317,-20.17794500038012,0.902887493111306,1.0971125068886942
26.855505783077593,-20.214504745018864,0.9002610355759749,1.0997389644240252
26.658326314053998,-20.249319461074204,0.9001953102004849,1.0998046897995153
26.46098539616765,-20.28029586434141,0.9016537968549956,1.0983462031450046
26.26440198243332,-20.314959808526126,0.913270022288082,1.0867299777119181
26.06645816886759,-20.346559124230943,0.9245053189318807,1.0754946810681194
25.86809790668016,-20.371518578855465,0.9320147000153143,1.0679852999846857
25.67082711965413,-20.400744843096675,0.9504257174714862,1.049574282528514
25.473605370943876,-20.434542664770778,0.9812034706173647,1.0187965293826353
25.276175761435265,-20.467946761895416,1.016013128742862,0.983986871257138
25.07838703000725,-20.49838343949888,1.0491978864646874,0.9508021135353127
24.880044731566976,-20.52545155897575,1.0779455472443424,0.9220544527556578
24.681367016792542,-20.545437932128465,1.095469696241491,0.9045303037585092
24.482062167299947,-20.555242699617963,1.0969558506271933,0.9030441493728067
24.282095046271344,-20.558127002154748,1.0871932166044314,0.9128067833955689
24.082064331336994,-20.557996108541126,1.0731863308499914,0.9268136691500088
23.88201330717802,-20.55730232896082,1.0609776409593692,0.9390223590406309
23.68198698385641,-20.561406083953457,1.0588950195666913,0.9411049804333088
23.48219615250198,-20.57022773597152,1.0666183324614145,0.9333816675385856
23.282484922388427,-20.578923166512478,1.0767193873995085,0.9232806126004917
23.082683541514022,-20.586155937465993,1.0856159022444223,0.9143840977555778
22.8828041381097,-20.591716837816364,1.0924999721085407,0.9075000278914593
22.682885281875034,-20.59553714619874,1.0970441891683658,0.9029558108316345
22.482971696480718,-20.597510732732786,1.0989023060865977,0.9010976939134024
22.283055653671642,-20.597601386011714,1.0980611171651993,0.9019388828348007
22.083097344564578,-20.59662276680911,1.0958543895398467,0.9041456104601533
21.8831306376472,-20.595737864468024,1.0942807124200506,0.9057192875799495
21.68303618851626,-20.59584575622938,1.0950368118240468,0.9049631881759533
21.48296285372167,-20.59758394100301,1.09809944305338,0.9019005569466202
21.283092438739548,-20.59739028528306,1.0975771739510227,0.9024228260489774
21.083565755762233,-20.592177716397806,1.08715308012776,0.9128469198722401
20.88423859184375,-20.57958722975693,1.0630745363429712,0.9369254636570289
20.684548198813186,-20.56232067353905,1.0312714609906248,0.9687285390093754
20.484823770714673,-20.549380507962233,1.0059871104499976,0.9940128895500027
20.285157841806477,-20.542725841133056,0.9921721260994527,1.0078278739005473
20.08527787968107,-20.539955713360598,0.9864609688527055,1.0135390311472947
19.88533031930756,-20.53956537861241,0.9854957673084453,1.0145042326915548
19.685367233098088,-20.54014313769018,0.986673304868516,1.013326695131484
19.48540928620527,-20.54113806911912,0.9887425209441789,1.0112574790558213
19.28545312532273,-20.542342983830515,0.9911907342379611,1.008809265762039
19.08549667030036,-20.543505452136415,0.9935521501993979,1.0064478498006022
18.885540173572,-20.54445185019246,0.9954929518706069,1.0045070481293932
18.68558319369443,-20.545140337393452,0.9969065978070771,1.003093402192923
18.485625542723806,-20.545577125906995,0.9977917298439137,1.0022082701560864
18.285667501377052,-20.545759363331122,0.9981497343174558,1.0018502656825443
18.085709447258644,-20.5456945143707,0.997982522796598,1.002017477203402
17.885751637543457,-20.545354512283858,0.9972411420343886,1.0027588579656115
17.685794314417745,-20.544698392248698,0.9958788758066326,1.0041211241933676
17.485837584642667,-20.54379823356886,0.9940085922864148,1.0059914077135854
17.285880780815162,-20.5427364125485,0.9918104146563614,1.0081895853436387
17.085923940080654,-20.541645784013625,0.9895677862257629,1.0104322137742372
16.88596654656233,-20.54078200655603,0.9877521365884914,1.0122478634115086
16.686010397257512,-20.540375252510053,0.9868426526030041,1.013157347396996
16.486045671902396,-20.540685766753395,0.9873323524025542,1.0126676475974459
16.28611574643988,-20.541964530333928,0.9901879691011287,1.0098120308988714
16.0864079251807,-20.54613963295548,0.9997571804975101,1.00024281950249
15.886690589971252,-20.55826380320533,1.0226813171881912,0.9773186828118088
15.68705941815131,-20.574560805049387,1.0531764754693964,0.9468235245306037
15.487545098388148,-20.58723963891903,1.078209324951513,0.9217906750484872
15.287947343158159,-20.595838159121065,1.0944448912922118,0.9055551087077883
15.088262959814871,-20.598340544648583,1.0996931948171182,0.900306805182882
14.888243665073746,-20.59738925569711,1.0981678360937706,0.9018321639062296
14.688180783790095,-20.596473315002154,1.0960612963270011,0.903938703672999
14.48818710538003,-20.596405421484718,1.0955557034463395,0.9044442965536605
14.288206564562236,-20.597299705157745,1.0968635989599078,0.9031364010400923
14.088252429089353,-20.598515901856327,1.098880257390174,0.9011197426098261
13.88831362751308,-20.599070786415727,1.099840422001885,0.9001595779981152
13.688425060414348,-20.5970393371916,1.0972962955714585,0.9027037044285415
13.488696112095436,-20.5895188055139,1.0883577990081172,0.9116422009918829
13.289425360313547,-20.574090873749576,1.0710470972564319,0.9289529027435681
13.091045876515423,-20.54885414755337,1.0448099093655294,0.9551900906344707
12.894005286183633,-20.513648282785557,1.0116370551522142,0.9883629448477858
12.698834411702947,-20.4686844151175,0.9753068718992229,1.0246931281007772
12.506104427626477,-20.41497612056635,0.9412376609300108,1.0587623390699892
12.315334938093793,-20.356086558773175,0.9182110061222897,1.0817889938777105
12.127078289151715,-20.288862835110038,0.9053858173466118,1.0946141826533884
11.943522801352433,-20.210213978772302,0.9,1.1
11.764675166193443,-20.12166076454095,0.9043626731985599,1.09563732680144
11.592038619432833,-20.020482871496117,0.9125105369349481,1.087489463065052
11.429278554185078,-19.903959329536164,0.9164870648350625,1.0835129351649375
11.276605695801887,-19.77502995018062,0.9185316081645603,1.08146839183544
11.131775668513626,-19.637500546021556,0.9246727252271899,1.0753272747728102
10.995423947532347,-19.491185380016073,0.9334002165278248,1.0665997834721752
10.870500452015666,-19.33496605398124,0.9398054578024773,1.060194542197523
10.756405619065129,-19.17083914028183,0.9457084092288222,1.0542915907711778
10.652147474659273,-19.00038010173241,0.9535435094728164,1.0464564905271836
10.558263270752523,-18.823785949796147,0.9614807965414556,1.0385192034585446
10.480125714158278,-18.639775435826262,0.9605999083714274,1.0394000916285728
10.418464298194023,-18.44940051355076,0.9495993327137136,1.0504006672862867
10.373137412773533,-18.254657830729503,0.931611305867131,1.068388694132869
10.336102529403494,-18.058333137469482,0.9194393092787183,1.080560690721282
10.312444591601293,-17.859577348670737,0.9066138504026436,1.0933861495973565
10.299079797041593,-17.660187070842614,0.9006430364006328,1.0993569635993674
10.288258207451026,-17.461143359435397,0.9147996290704917,1.0852003709295084
10.280960646078174,-17.261209822936728,0.946726764519359,1.0532732354806411
10.288692682984442,-17.0611666168238,0.9736309585375623,1.0263690414624378
10.31406287585143,-16.862884466229293,0.9895079961394457,1.0104920038605543
10.350726060981623,-16.666390899809656,1.0041439572554216,0.9958560427445785
10.39710287408961,-16.471890841935714,1.0196998605508723,0.9803001394491277
10.453925858497628,-16.28016705991569,1.033972291909028,0.9660277080909722
10.522430205898461,-16.09235095210495,1.0437164951634201,0.95628350483658
10.601702606058872,-15.908823570099026,1.0495622619483644,0.9504377380516357
10.690740548561427,-15.729850003292578,1.0528981554029746,0.9471018445970254
10.78661397082157,-15.554376739534792,1.059060833537299,0.940939166462701
10.887545900729533,-15.381656579939063,1.0705161110109627,0.9294838889890376
10.995259257959725,-15.213215419600001,1.0827613065691735,0.9172386934308265
11.11189490092414,-15.05090750485086,1.091214690998446,0.9087853090015543
11.236004000446986,-14.89405034119844,1.0973989086430336,0.9026010913569666
11.367691394257246,-14.743654325485773,1.0997440051271317,0.9002559948728683
11.507162154691198,-14.60044672435612,1.0974224315243652,0.9025775684756349
11.653365416063249,-14.464011450721452,1.0916161274276175,0.9083838725723826
11.805682196464687,-14.33442947353361,1.0829614241190144,0.9170385758809856
11.963724741869612,-14.211933771458126,1.0712793852729645,0.9287206147270355
12.127635986342241,-14.097658967474834,1.0544543877754922,0.9455456122245081
12.298043832674093,-13.992928390813924,1.031276833739013,0.9687231662609872
12.472132164319902,-13.894231336871545,1.0088499258021397,0.9911500741978604
12.647924440197603,-13.799163390910776,0.9915597343114584,1.0084402656885416
12.8272636880914,-13.710856151998613,0.9749622387472612,1.025037761252739
13.010082267899064,-13.629630080000718,0.9578693234306106,1.0421306765693894
13.195589266627872,-13.555127154064056,0.9419260127505699,1.0580739872494302
13.382630747399762,-13.484926574772903,0.9306571051141852,1.069342894885815
13.572388401422602,-13.421515133442472,0.919747405335666,1.0802525946643342
13.765224026202912,-13.367299600846717,0.9067406488017683,1.0932593511982318
13.95848938219225,-13.317543387850728,0.9005915817601802,1.0994084182398198
14.151438216527746,-13.26617551222417,0.9108485149528062,1.089151485047194
14.344553488691767,-13.216193197344555,0.9347769574835196,1.0652230425164804
14.537849406176708,-13.162899270977212,0.9743571064104657,1.0256428935895345
14.733641858692847,-13.120450949173225,1.0025782886670582,0.9974217113329419
14.931639555768284,-13.097279188623112,1.0104334984808423,0.9895665015191577
15.129611500104765,-13.069436332856482,1.030642109818126,0.9693578901818742
15.327500884617573,-13.036981695916987,1.0626453001344203,0.9373546998655797
15.525996595534073,-13.011278569565508,1.0888885157744754,0.9111114842255248
15.724698945595776,-12.99526221947347,1.0990015086668943,0.9009984913331058
15.924010301858635,-12.993781683273207,1.0857610182679758,0.9142389817320242
16.12436829975612,-12.998397309351477,1.0637549147949574,0.9362450852050426
16.324567316482305,-12.997035136461417,1.0528983232739304,0.9471016767260697
16.524206161974927,-12.988237200016316,1.0575979721397646,0.9424020278602354
16.72393754251328,-12.974705298276849,1.0734540684642138,0.9265459315357862
16.923574818937972,-12.959678909704847,1.0923428631954306,0.9076571368045695
17.122854649555787,-12.951652288501101,1.0999737874228646,0.9000262125771356
17.322664390295014,-12.953311512753363,1.0917412005704177,0.9082587994295823
17.522249677013342,-12.959991983032266,1.0721731206269018,0.9278268793730982
17.72190821452477,-12.975612558307475,1.0404746390639619,0.9595253609360381
17.921918468807828,-12.985430193845941,1.0193666577818532,0.9806333422181468
18.121661959593254,-12.985574865782278,1.0144997228108183,0.9855002771891817
18.321571772559146,-12.985355393457077,1.0139689190455692,0.9860310809544308
18.52152584707039,-12.985588331315178,1.0135115038592655,0.9864884961407347
18.721480101533544,-12.986619449523186,1.012473650390955,0.987526349609045
18.921430631621117,-12.988325087285192,1.0108445811092908,0.9891554188907095
19.12137478708174,-12.9907408753395,1.008615111708786,0.991384888291214
19.321312089412046,-12.99363878000698,1.0059989181966067,0.9940010818033935
19.52123731702504,-12.997176180363061,1.0027204003117438,0.9972795996882562
19.72115048876875,-13.001436725114415,0.9986231666058967,1.0013768333941035
19.921052024591287,-13.006222055144354,0.9939120329672572,1.006087967032743
20.120942182099252,-13.011455637428073,0.9887217299401815,1.0112782700598186
20.32082278251803,-13.017036328139628,0.9831663357153713,1.016833664284629
20.52069537116621,-13.022901299801362,0.9773177894155032,1.0226822105844968
20.720561494057343,-13.02898202653512,0.9712437050367413,1.0287562949632587
20.92042326451881,-13.035210915345044,0.9650117833272477,1.0349882166727524
21.120281786911065,-13.041522598355396,0.9586900488499631,1.041309951150037
21.320140171758858,-13.047840940215934,0.9523467834511179,1.047653216548882
21.520001758552237,-13.054137181706762,0.9459973886370538,1.0540026113629464
21.719864536034404,-13.060336350061569,0.9397316526781222,1.060268347321878
21.919732067840233,-13.0663021197573,0.9337131150837912,1.066286884916209
22.119610179100167,-13.0719834177178,0.9279983409886274,1.0720016590113726
22.319497590467517,-13.077338168448438,0.922615334316791,1.0773846656832091
22.519394476005846,-13.082293731445713,0.9176314200009601,1.0823685799990401
22.719302556297226,-13.08678377838923,0.9131145777362728,1.0868854222637274
22.919221214235037,-13.09074102088234,0.9091325290507406,1.0908674709492594
23.119149091080285,-13.094096383847692,0.905750425290165,1.094249574709835
23.31909202678881,-13.096801112750782,0.9029910938464347,1.0970089061535653
23.51905246727464,-13.098839594859555,0.9008840965224749,1.099115903477525
23.719002260132232,-13.099858769161226,0.9,1.1
23.918942462124665,-13.098305953137709,0.9021514486365257,1.0978485513634744
24.1186728863169,-13.091131226529352,0.9105404239804267,1.0894595760195736
24.3175654632718,-13.073748338064824,0.9298474244572068,1.0701525755427934
24.51520791674752,-13.04227404962491,0.9621098266485859,1.037890173351414
24.710806632465236,-12.998844287936885,1.000668115463211,0.999331884536789
24.90382199043342,-12.945621166883578,1.03776029899517,0.96223970100483
25.093075606765954,-12.880148983361254,1.0705862823326722,0.929413717667328
25.27760486817832,-12.804744273903209,1.0916415603805374,0.9083584396194626
25.457256266137925,-12.71760071574711,1.0986714661913415,0.9013285338086586
25.626324137364094,-12.610884055405299,1.1,0.8999999999999999
25.782081387278723,-12.486536993763815,1.0922263514569779,0.9077736485430222
25.923544595605144,-12.345417988035283,1.0752854685071112,0.924714531492889
26.046663608790187,-12.187781872830959,1.0565294009638575,0.9434705990361426
26.147634326590957,-12.01524516429864,1.0430874525938127,0.9569125474061874
26.222682447978105,-11.830010266941665,1.0408764189616533,0.9591235810383469
26.269754409185197,-11.635739467954279,1.0518735313678642,0.9481264686321358
26.28862887724066,-11.436694680617085,1.0733707434001105,0.9266292565998896
26.285481768140293,-11.23679146282937,1.092084374301184,0.9079156256988161
26.26345232290955,-11.03834917935997,1.0997040633426627,0.9002959366573374
26.225769430089716,-10.8421202818278,1.0892629289610705,0.9107370710389295
26.170253354330946,-10.650125014599526,1.0694070909382323,0.9305929090617678
26.093383300895223,-10.465602754309273,1.054263598975262,0.9457364010247381
25.997359906314347,-10.290301327452577,1.045684022368082,0.9543159776319182
25.88785821452804,-10.123070014553527,1.0367814131503759,0.9632185868496241
25.76696815488666,-9.963828307582178,1.0269730227721952,0.973026977227805
25.636509752057254,-9.812343425608539,1.016279720984261,0.9837202790157392
25.498994155026995,-9.667206733588854,1.0023472024258273,0.9976527975741729
25.356133472222666,-9.527280349614072,0.984063203285904,1.0159367967140962
25.208158323979156,-9.392784165931003,0.9638863451863001,1.0361136548137
25.05569805379479,-9.263343859994656,0.9433083866181362,1.056691613381864
24.90007127614181,-9.137750217461234,0.9216734922636743,1.0783265077363258
24.73998319670515,-9.018034921834834,0.9059339561761841,1.0940660438238161
24.575171344272977,-8.90487902516786,0.9,1.1
24.4076030368163,-8.795767574774764,0.9000994766409967,1.0999005233590036
24.239026126157402,-8.688213185387482,0.901975089949792,1.0980249100502082
24.070224461719903,-8.581015899083047,0.9033137942706798,1.0966862057293203
23.901398799724895,-8.473861116103713,0.903430603565365,1.096569396434635
23.732524355727413,-8.366785741853349,0.9024388393713144,1.0975611606286857
23.5634233158444,-8.260072498974994,0.9010297762194533,1.0989702237805468
23.39386254967753,-8.154094166323908,0.9001051565033443,1.0998948434966558
23.223688391712898,-8.049101591590693,0.9002825577461225,1.0997174422538776
23.05302542660876,-7.944902498150782,0.9011463258500348,1.0988536741499653
22.882036453104284,-7.8412346450291315,0.9021155391705278,1.0978844608294724
22.71104415564864,-7.737575240983944,0.9020045596594106,1.0979954403405896
22.539829818458433,-7.634286613012395,0.9016693536715311,1.098330646328469
22.368115122390652,-7.53183053605199,0.9022218695389574,1.0977781304610426
22.195946573050257,-7.430138295323868,0.9035338487885206,1.0964661512114795
22.023561010922073,-7.328814877267471,0.9047140137284033,1.095285986271597
21.851120304940952,-7.227583179044013,0.9051488956595996,1.0948511043404006
21.67875364044552,-7.126225502910512,0.9043798604572063,1.0956201395427938
21.50619010258314,-7.025206375039695,0.9034934269932883,1.0965065730067118
21.333536574969852,-6.924337066264753,0.9021001667680152,1.097899833231985
21.160656907464062,-6.823857992947907,0.9007855802481082,1.0992144197518918
20.98743762498193,-6.72396691297486,0.900022511770871,1.099977488229129
20.813808779763093,-6.624790981793156,0.9001009259368618,1.0998990740631385
20.63968745001006,-6.526489880279117,0.9012863047868854,1.0987136952131147
20.46519977991184,-6.428831273825007,0.9029105944602847,1.0970894055397153
20.29071951887822,-6.331152786899925,0.903386729843578,1.096613270156422
20.116225655965863,-6.233491279882229,0.9026429243980456,1.0973570756019544
19.941715359696282,-6.135847721122989,0.9006376588276702,1.09936234117233
19.76652571537277,-6.039473885564635,0.9000299628693657,1.0999700371306345
19.59013015586673,-5.945347845110835,0.9027409239890951,1.0972590760109049
19.41275349635596,-5.853037602490328,0.9075577764867405,1.0924422235132596
19.234782962075283,-5.761850196896451,0.912662666410648,1.0873373335893521
19.056086027022936,-5.6721120512185905,0.9183989567603644,1.0816010432396357
18.876256984870697,-5.584701669186594,0.9263084978245303,1.0736915021754698
18.694911891962647,-5.500511280799244,0.9379160546304774,1.0620839453695226
18.51218065639637,-5.419301892015702,0.9522382735220246,1.0477617264779755
18.328922299454824,-5.3392330819786675,0.9650571442087013,1.0349428557912987
18.145408636688877,-5.259817225253373,0.9751422985469269,1.024857701453073
17.960793081806077,-5.1830664820021815,0.9862608521549094,1.0137391478450906
17.774475698029057,-5.110493729359043,1.0010823695699385,0.9989176304300618
17.58671894057647,-5.041643176973427,1.0181900395596675,0.9818099604403328
17.39822912207678,-4.974875441840095,1.034011870760597,0.9659881292394031
17.209014022788732,-4.910215542511932,1.0480678689665064,0.9519321310334938
17.019162666612864,-4.8474856190055045,1.0595841173308687,0.9404158826691315
16.82858736880541,-4.78699299306168,1.0689009091115584,0.9310990908884418
16.637045182744156,-4.72958922215978,1.0772755947158885,0.9227244052841117
16.444491247394016,-4.6756588694562895,1.0850938604042648,0.9149061395957353
16.25096593997979,-4.625334684264956,1.0921671878218968,0.9078328121781033
16.05663619544971,-4.578253591590773,1.0973607504203688,0.9026392495796313
15.861608425066867,-4.534204942458133,1.099827655737287,0.9001723442627132
15.665975188168415,-4.493016724333633,1.0990605546651766,0.9009394453348234
15.469513252234428,-4.4555182749883215,1.0972466341795097,0.9027533658204904
15.272268455982537,-4.422493033959117,1.0959166742301871,0.9040833257698131
15.075925225414862,-4.3852507402655805,1.0788780194918104,0.9211219805081898
14.88079400264113,-4.341739878714729,1.0417558770066604,0.9582441229933398
14.68503995358535,-4.300481723140975,1.0049959522612566,0.9950040477387436
14.485993048365472,-4.282407224483329,1.0120606873709421,0.9879393126290579
14.287221198493489,-4.261738209469692,1.0102178035480716,0.9897821964519287
14.089762731995789,-4.230840194617094,0.984117783883803,1.0158822161161971
13.89275659467795,-4.195173119000934,0.9444661551939295,1.0555338448060705
13.695301643958565,-4.162756230135147,0.909811283036462,1.090188716963538
13.496253797311685,-4.15068814828614,0.9110426979481537,1.0889573020518464
13.296268682267828,-4.1488403651753405,0.9297806494346976,1.0702193505653026
13.096399093828754,-4.140995751520762,0.9354577222200969,1.0645422777799032
12.896793402102125,-4.127086896487571,0.9267261918142168,1.0732738081857833
12.697919555765315,-4.104497455703784,0.9025749902257916,1.0974250097742086
12.498570071202163,-4.098405378580319,0.9079188063378265,1.0920811936621737
12.298647377908754,-4.099655081989526,0.926895565244096,1.073104434755904
12.098563647894158,-4.1016529867883,0.9462893634321443,1.0537106365678557
11.898711765162123,-4.095132924056973,0.9474822406747714,1.0525177593252288
11.699255662263342,-4.079964089630109,0.931180084048358,1.0688199159516423
11.499851720775045,-4.065376571233733,0.9139901733781177,1.0860098266218825
11.300026749228753,-4.054306593639503,0.9014701417472493,1.098529858252751
11.100426409023575,-4.049965435518313,0.9012824483265778,1.0987175516734222
10.901336445777794,-4.0637452032887635,0.9332506445034555,1.0667493554965446
10.701857228702147,-4.082942482961569,0.9728829994141877,1.0271170005858123
10.502265777173816,-4.088905844668927,0.9830947340307211,1.016905265969279
10.30283684517947,-4.072633648164397,0.9489545027816664,1.0510454972183336
10.103278258289453,-4.05329195627926,0.9085339257167143,1.0914660742832858
9.904182169662139,-4.054067714313882,0.9002336284049626,1.0997663715950377
9.70505677243441,-4.069432930167642,0.9159292488558322,1.0840707511441678
9.507015218941447,-4.097320383091941,0.9492853790857712,1.0507146209142288
9.310282217797173,-4.135123162988774,0.9895875907908865,1.0104124092091136
9.114717805803789,-4.17740103175528,1.0232530686191526,0.9767469313808474
8.921168009244855,-4.227449071839267,1.0515584884256886,0.9484415115743116
8.731063196919537,-4.289532196589099,1.0767191851325189,0.9232808148674814
8.545246940325564,-4.362961343821016,1.093189420867469,0.9068105791325312
8.365338845799561,-4.44971764374021,1.0996363800567026,0.9003636199432975
8.194520101234751,-4.553439307834817,1.1,0.9
8.036134195826124,-4.675323363292024,1.0994885202009959,0.9005114797990043
7.891712719097842,-4.813495100817251,1.0994515597645553,0.9005484402354448
7.762131107746051,-4.965680798273507,1.1,0.9
7.647246070482884,-5.12915970381741,1.0994903786730248,0.9005096213269752
7.546075583102515,-5.3015120540614085,1.0963699127757809,0.9036300872242193
7.459783806546972,-5.481980649497377,1.094221850153283,0.905778149846717
7.38922297645398,-5.669044332353983,1.0956901660775706,0.9043098339224295
7.330490254769917,-5.859985517432873,1.0958431368661854,0.9041568631338148
7.282275976487092,-6.05402703425878,1.0940027375061336,0.9059972624938666
7.246035591872156,-6.250773561576416,1.0943897614880669,0.9056102385119333
7.220815585186564,-6.449201762851425,1.0973526540404315,0.9026473459595685
7.204122421951207,-6.648468413160356,1.1,0.9
7.191415979138351,-6.847802937575453,1.096150888082694,0.9038491119173061
7.177920037570466,-7.046903691430003,1.080004669798479,0.9199953302015209
7.160372037043469,-7.246163302975289,1.0500225434311496,0.9499774565688505
7.141026776102053,-7.445703121665391,1.0135514124339653,0.9864485875660347
7.122975305048652,-7.645060681046251,0.9798447050551802,1.02015529494482
7.105970511151239,-7.844218395206659,0.9530887797952092,1.0469112202047908
7.087734397904276,-8.043300334441447,0.9328761692845983,1.0671238307154018
7.064337749102352,-8.242065959930928,0.9164375720362825,1.0835624279637177
7.033518730572036,-8.439548630667995,0.9041522949628186,1.0958477050371815
6.997913352790166,-8.635763559118287,0.9028844418470909,1.0971155581529093
6.956284795082792,-8.831215570939124,0.9119101875919216,1.0880898124080784
6.904465140204332,-9.024528669189943,0.9226383806920312,1.077361619307969
6.841407809911773,-9.214468528655896,0.9299718591794794,1.0700281408205206
6.768181571336689,-9.400592657381631,0.9344397699282814,1.0655602300717186
6.690830864254633,-9.584475795404012,0.9454353602707256,1.0545646397292745
6.614898399713218,-9.769436012519211,0.9705136113275526,1.0294863886724475
6.534853392002761,-9.95306499688073,0.9992504725923474,1.0007495274076526
6.447216560522289,-10.132791051937813,1.0229348236388602,0.97706517636114
6.354333502720103,-10.309799139617146,1.0428526507267097,0.9571473492732905
6.257999987426932,-10.485091047975462,1.0615804535457674,0.9384195464542329
6.159611444033199,-10.659387497466204,1.0799545612793442,0.9200454387206559
6.058493998715117,-10.831866312477288,1.0945299671731725,0.9054700328268275
5.95249631085364,-11.0010204279106,1.1,0.9
5.842213601173448,-11.167696216231684,1.0973697370979842,0.9026302629020159
5.731398580981083,-11.334352174258619,1.0938662901955518,0.9061337098044483
5.622579408343115,-11.502289043094002,1.0944040322335256,0.9055959677664746
5.515116582335103,-11.670906008970292,1.0976892737501327,0.9023107262498675
5.406942570159886,-11.838956315436445,1.09972893191933,0.9002710680806703
5.297624344380154,-12.006346404670632,1.099281545747056,0.9007184542529441
5.187680459992916,-12.173360281813146,1.0971787832509274,0.9028212167490728
5.077468628692963,-12.34019125636445,1.0944372100657125,0.9055627899342876
4.967587859597893,-12.507275232315699,1.092544233705697,0.907455766294303
4.858714993566449,-12.67507028326321,1.0930043520193207,0.9069956479806793
4.750956763442811,-12.843595928930476,1.0958671610262454,0.9041328389737547
4.643172463562044,-13.011961431722812,1.0985784275176607,0.9014215724823393
4.53366125050892,-13.179072004265322,1.0979032187342634,0.9020967812657367
4.42241759264339,-13.345198880543416,1.0943134727406367,0.9056865272593634
4.311678169328742,-13.511845449081742,1.0922182222567671,0.9077817777432329
4.202676726620305,-13.679604020520072,1.0940420404930684,0.9059579595069317
4.094279816792953,-13.847601850278956,1.0975761183091979,0.9024238816908023
3.9846381130205932,-14.01467919518491,1.099198690223706,0.900801309776294
3.87332305140451,-14.18073946765324,1.0981374548961036,0.9018625451038964
3.7614574734381407,-14.346536972995006,1.096596862955316,0.9034031370446841
3.649875353611276,-14.512527173408667,1.0964265537804447,0.9035734462195555
3.5385827045905076,-14.678678609678865,1.0977429358624016,0.9022570641375985
3.4269730584808036,-14.844561664512984,1.0993302189684804,0.9006697810315197
3.314396771004448,-15.009774428289994,1.0999386286132264,0.9000613713867737
3.2008192244398703,-15.174337509774686,1.0995058957434678,0.9004941042565324
3.086546250004306,-15.338436908989115,1.0987071554523569,0.9012928445476432
2.9717789549863878,-15.502186048789556,1.0981003147346973,0.9018996852653027
2.8566037530611066,-15.665653493504008,1.0980122837476751,0.901987716252325
2.7410625627235,-15.828873852242184,1.0985848779455325,0.9014151220544675
2.625009376591756,-15.991713643849252,1.0994981798978973,0.9005018201021028
2.5080265980492253,-16.153847402130875,1.0999213226568156,0.9000786773431846
2.3898112997776564,-16.31507597661764,1.0993418684853122,0.9006581315146879
2.270563691718128,-16.47559574564253,1.098362526481051,0.9016374735189492
2.1508760961408506,-16.635855105001458,1.0982822400056067,0.9017177599943934
2.0308931738976126,-16.795876079361484,1.0992896899962326,0.9007103100037676
1.9096267792330024,-16.95479541246118,1.0992215447944658,0.9007784552055345
1.7854994566925297,-17.11142021048694,1.0951662789346883,0.9048337210653118
1.6578198922521774,-17.26529831942236,1.0864904800321327,0.9135095199678673
1.5271618978667416,-17.41676992029375,1.0751082965773084,0.9248917034226916
1.3937088423041906,-17.56571686012967,1.0620449711412312,0.9379550288587689
1.2562741459832045,-17.710794473037165,1.0451332517205483,0.954866748279452
1.112793850619167,-17.849888741891938,1.0201476758599535,0.9798523241400465
0.961997495400169,-17.981669408514357,0.9855344018670475,1.0144655981329527
0.806410861497338,-18.10788740797278,0.947772489737165,1.0522275102628351
0.650351953554569,-18.232562299339733,0.9188270559934612,1.081172944006539
0.4945674234584161,-18.35736943354691,0.9037867175128822,1.096213282487118
0.33739697768661847,-18.480878467334673,0.9,1.1
0.17647181058858724,-18.599530181722923,0.9012257610825197,1.0987742389174804
0.011265219725841122,-18.712177581186115,0.9046877302253301,1.09531226977467
-0.15948142630281237,-18.816385744049708,0.9065126233683536,1.0934873766316464
-0.3356188938568582,-18.911118170145382,0.9051951639932384,1.0948048360067617
-0.5163863686116487,-18.99670351608431,0.9022684573146901,1.09773154268531
-0.7008781082912978,-19.073334067622636,0.9,1.1
-0.8877931875840426,-19.14371582862731,0.9021670029023894,1.0978329970976108
-1.0786381152990236,-19.204664680086157,0.9033504576651865,1.0966495423348137
-1.2724250438885543,-19.253483781812225,0.901156303156161,1.098843696843839
-1.467083011897248,-19.29818189479746,0.9055239304157852,1.094476069584215
-1.663894549805534,-19.334440380154863,0.911482008415365,1.0885179915846352
-1.8613521298142675,-19.36401944496225,0.922164511877956,1.0778354881220442
-2.059409937173372,-19.390944304105673,0.9407412546313884,1.0592587453686118
-2.2589428776706053,-19.407355753061672,0.9549111234923658,1.0450888765076343
-2.4587922560437248,-19.409216810229672,0.9559837186669953,1.044016281333005
-2.65863787369534,-19.395853633057335,0.9420285615796751,1.057971438420325
-2.856951537114033,-19.37030675142374,0.9213675610282814,1.0786324389717188
-3.0549890376072137,-19.346962598589105,0.9138306449141094,1.0861693550858909
-3.252877509417301,-19.31648123358146,0.9070978795403635,1.0929021204596365
-3.449236128903394,-19.278624395431628,0.9011508683546959,1.0988491316453042
-3.644901941168881,-19.238813370636404,0.9019319172466521,1.098068082753348
-3.83987402308175,-19.193881857744156,0.9055879185662495,1.0944120814337506
-4.033373651564792,-19.143310463217276,0.9100376348467744,1.0899623651532258
-4.2256555784026375,-19.088737324944855,0.9173936352150589,1.082606364784941
-4.4170930767454655,-19.03119972184756,0.9287584931875427,1.0712415068124574
-4.60730198813128,-18.969326633006837,0.9408968329665756,1.0591031670334246
-4.795340159154356,-18.901149985985537,0.9495411492010623,1.0504588507989379
-4.9811686007959315,-18.827243790386557,0.9549496050511055,1.0450503949488947
-5.165351736286582,-18.749542919589842,0.9606195395435816,1.0393804604564185
-5.349342734131941,-18.67147060945386,0.9724569955288296,1.0275430044711704
-5.533278336096754,-18.592988494162498,0.9899652907145253,1.0100347092854747
-5.7162802182369825,-18.512262601623622,1.0092380401395185,0.9907619598604815
-5.8978645070199995,-18.42847758716245,1.0277608961943696,0.9722391038056305
-6.077904857996045,-18.341463895866465,1.0444292164153957,0.9555707835846045
-6.25635074669095,-18.25125345514972,1.0587295124750207,0.9412704875249793
-6.433317013479241,-18.158172327835004,1.0707747654259077,0.9292252345740925
-6.608998208187561,-18.06264882583602,1.0809037509624286,0.9190962490375716
-6.783504350948748,-17.96501093604912,1.0891399644302813,0.9108600355697187
-6.956708112179711,-17.865133089734616,1.0948209188247464,0.9051790811752538
-7.128814676914948,-17.763358732505584,1.0981535814646168,0.9018464185353834
-7.300076756399994,-17.660161911892153,1.0996145401135606,0.9003854598864396
-7.470822331330608,-17.556100329697372,1.0999686684571084,0.9000313315428917
-7.641393840984755,-17.45173775809614,1.0999769174159821,0.9000230825840179
-7.811930384320276,-17.347325407939962,1.0999895684613672,0.9000104315386329
-7.982422320639032,-17.242851544725518,1.0999772655852647,0.9000227344147356
-8.152863816431763,-17.138295006875527,1.099909041468004,0.9000909585319962
-8.323286607084661,-17.03369691776637,1.0998613227937217,0.9001386772062784
-8.493702504197595,-16.9290969033059,1.0998790890854202,0.9001209109145798
-8.66409068631903,-16.824437155491747,1.0999009407195888,0.9000990592804115
-8.83448852635314,-16.71979881303289,1.0999688037843427,0.9000311962156574
-9.004735816756972,-16.61492751113876,1.099625812890843,0.9003741871091573
-9.174850657703681,-16.509840602364353,1.0988129948611836,0.9011870051388167
-9.34470055546663,-16.40436812222325,1.0971931293986519,0.9028068706013482
-9.514412935411624,-16.2986370936698,1.0952065658250563,0.9047934341749438
-9.684361991664211,-16.193217086497288,1.0939695849693551,0.9060304150306449
-9.854626940997363,-16.08832626879497,1.0938512040579051,0.9061487959420949
-10.024932629818768,-15.983564207048893,1.0940331991056116,0.9059668008943886
-10.195043982605075,-15.87850236106785,1.0936672954487194,0.9063327045512808
-10.364958901821025,-15.773097803582997,1.0926100598401995,0.9073899401598005
-10.534738231458501,-15.667472005037816,1.0910819015917235,0.9089180984082765
-10.704455767707566,-15.561754349980443,1.0894157190485825,0.9105842809514176
-10.874302625575583,-15.456203439013013,1.088252080324978,0.911747919675022
-11.044493697633438,-15.35117576736524,1.0882133473535949,0.9117866526464052
-11.214833959708729,-15.246427219408192,1.0887179461609888,0.9112820538390113
-11.38491887426557,-15.141330024579638,1.0884148213197706,0.9115851786802296
-11.554427520860308,-15.035346510519707,1.0861921146776938,0.9138078853223064
-11.723466248297784,-14.928554965320961,1.082339951415991,0.9176600485840092
-11.892541347694129,-14.82174021562257,1.078448776612888,0.921551223387112
-12.06193952038926,-14.715450513206878,1.075604881733682,0.924395118266318
-12.231546815342755,-14.609542627461456,1.073583973324896,0.9264160266751043
-12.401167999583206,-14.50366978232011,1.0716990535419593,0.928300946458041
-12.570698126672012,-14.397649464568236,1.069498416005948,0.9305015839940521
-12.74006822273955,-14.291383206260635,1.066760436849817,0.9332395631501832
-12.909328156313798,-14.184940994224851,1.0637049178103783,0.9362950821896217
-13.078755075001345,-14.078713025068632,1.0612695977326694,0.9387304022673308
-13.248714159548774,-13.973309143598877,1.0605191037544506,0.9394808962455495
-13.418957010384476,-13.868391685160393,1.0607107588676878,0.9392892411323123
-13.588902246294474,-13.7630828904809,1.0598612211856255,0.9401387788143747
-13.757913160121632,-13.656352646880134,1.055953267617836,0.944046732382164
-13.926272450958605,-13.548474932682533,1.049923699208818,0.9500763007911823
-14.095232640572537,-13.441426262486146,1.045751443576982,0.9542485564230182
-14.265536332149146,-13.336531200273843,1.0458467630341732,0.9541532369658268
-14.436295599553938,-13.232520338541622,1.0475046223572848,0.9524953776427153
-14.606037067737812,-13.126989231641263,1.0461668563798332,0.953833143620167
-14.774844928294735,-13.019831517159687,1.0416713864295915,0.9583286135704087
-14.94390306478473,-12.912956602521403,1.0376651071516008,0.9623348928483995
-15.113838348925782,-12.807519095269775,1.0363927342364967,0.9636072657635035
-15.28412708708541,-12.702726340438447,1.036361005851942,0.9636389941480583
-15.453960684308178,-12.597241354141,1.0349583700758587,0.9650416299241413
-15.623228250097899,-12.4908148207423,1.0316099714133027,0.9683900285866974
-15.792412753297905,-12.38420307659758,1.0279171150968693,0.9720828849031307
-15.962165633315294,-12.278491384434448,1.0259787263437614,0.9740212736562387
-16.13246669990005,-12.173692411701786,1.0257830060676516,0.9742169939323485
-16.302692297116153,-12.06880476566292,1.0253975469363497,0.9746024530636505
-16.47245142714291,-11.963163613389142,1.0234203707475151,0.976579629252485
-16.641847767214188,-11.856914349268758,1.0200640830723386,0.9799359169276616
-16.81117659893858,-11.750549432285258,1.0162953826801433,0.9837046173198568
-16.980599585111257,-11.644340660330752,1.0127678403067073,0.9872321596932928
-17.15018599662984,-11.53839786810816,1.0097307462792822,0.9902692537207181
-17.319899139940865,-11.43265837219578,1.0071086857386937,0.9928913142613063
-17.489726779932916,-11.327105746458015,1.0047382235725948,0.9952617764274054
-17.65946220117006,-11.22140681464538,1.0019613042007312,0.998038695799269
-17.828979216760743,-11.11535065883115,0.9984093112659498,1.0015906887340504
-17.998443063394063,-11.009206574259668,0.9945542705720548,1.0054457294279453
-18.16802699819879,-10.903257947223594,0.9910322697436079,1.0089677302563922
-18.337851502755772,-10.797699424651855,0.9882916187071501,1.01170838129285
-18.50797034016944,-10.692620010096212,0.9865299863133803,1.01347001368662
-18.67835273559574,-10.58796862524147,0.9855792933058077,1.0144207066941924
-18.84880305626208,-10.483422043466456,0.9847276093198781,1.015272390680122
-19.019055593597688,-10.378548276408557,0.9830905965019264,1.0169094034980737
-19.189033541769604,-10.27322961534316,0.9803986056054838,1.0196013943945164
-19.35887597455104,-10.167703123846907,0.9770783896453705,1.0229216103546295
-19.528710435398363,-10.062168987627883,0.9734741088110272,1.0265258911889728
-19.698413212202354,-9.956404288046507,0.969226282539592,1.0307737174604081
-19.867885177335058,-9.850252361701221,0.964104470462623,1.035895529537377
-20.03733322842526,-9.744071623886516,0.9588467812805838,1.0411532187194164
-20.207113117442088,-9.63846441194478,0.9547280591642188,1.0452719408357813
-20.377498292894657,-9.53385782955189,0.9525851365032332,1.0474148634967668
-20.548343302489062,-9.429962009768765,0.9518637367256021,1.048136263274398
-20.719229074714278,-9.326099761629466,0.9512095403226914,1.0487904596773086
-20.889942673071385,-9.221969043517424,0.9499029205060359,1.0500970794939641
-21.060562353837177,-9.117708454084692,0.9481043103415234,1.0518956896584766
-21.231168170397808,-9.013409892018334,0.9459997172701592,1.054000282729841
-21.401697916503036,-8.908982708597557,0.9435441173896085,1.0564558826103916
-21.57227152898661,-8.80466738696033,0.9411093045170361,1.058890695482964
-21.742966433909213,-8.700539555108744,0.9387783304066613,1.0612216695933387
-21.91352249668128,-8.596130463255234,0.9357196417621416,1.0642803582378586
-22.083781546950565,-8.491206841895142,0.931490423767174,1.0685095762328263
-22.253942573627448,-8.386175998113272,0.9269671997322597,1.0730328002677405
-22.42455843885091,-8.281984134027631,0.9239910938671825,1.0760089061328175
-22.595910339064,-8.178992720874167,0.9233641343971192,1.076635865602881
-22.767696092995234,-8.076644363406118,0.924036212176038,1.075963787823962
-22.93942825044914,-7.974175820259743,0.9243628577716491,1.075637142228351
-23.110826197075756,-7.871166200427437,0.9233386909966088,1.0766613090033912
-23.281873759889372,-7.767578139278268,0.9207971582653137,1.0792028417346864
-23.452649600588032,-7.663516228695414,0.9170465999027589,1.0829534000972412
-23.62335926049302,-7.559388613200545,0.9130296735388709,1.0869703264611292
-23.79445082959732,-7.455981822999258,0.910283271189088,1.089716728810912
-23.966161726716205,-7.353587636148443,0.9094462448799457,1.0905537551200544
-24.138204372563802,-7.251660063296278,0.9094948857353139,1.0905051142646862
-24.31014081235984,-7.1495188759900365,0.9089875863771026,1.0910124136228974
-24.481793903645283,-7.046925410753664,0.9073153237151408,1.0926846762848592
-24.65328313222861,-6.944070268896916,0.9048256282958195,1.0951743717041806
-24.8247842942625,-6.8412628246962095,0.902249864191568,1.097750135808432
-24.9965567901716,-6.738977373667875,0.900527811406791,1.0994721885932093
-25.16877098690641,-6.63743396722421,0.9000543428356856,1.0999456571643145
-25.341378375929473,-6.536454572528813,0.9001547150225202,1.0998452849774798
-25.514393644069372,-6.435927393003705,0.9001119743908232,1.099888025609177
-25.688317666576417,-6.337288890912951,0.9022022321174193,1.0977977678825808
-25.866118108510133,-6.247310880282883,0.9158227992580752,1.0841772007419248
-26.052319053810574,-6.174363699018258,0.9495083055054936,1.0504916944945064
-26.244987465512338,-6.117274048962403,0.9945311496261751,1.005468850373825
-26.440018794464464,-6.072558325746087,1.035219502457339,0.9647804975426612
-26.63809662944641,-6.044872343019797,1.0678908028044551,0.9321091971955449
-26.83751107355842,-6.040276413534531,1.0912836436957873,0.9087163563042128
-27.03481994958975,-6.06206098610952,1.099591738186714,0.9004082618132863
-27.227249001037332,-6.1142203033381195,1.0944279257804461,0.9055720742195541
-27.407635615519062,-6.201177394867079,1.0869288300940119,0.9130711699059881
-27.567032750561207,-6.322458805589752,1.0844396255764845,0.9155603744235155
-27.697795775193555,-6.4741547569916245,1.0888397687544982,0.9111602312455019
-27.793632138903902,-6.649448214073213,1.096921913511839,0.9030780864881611
-27.854634348001508,-6.838551551888062,1.097485901522556,0.9025140984774441
-27.88945611745481,-7.034542409315481,1.078804387000828,0.9211956129991722
-27.90443193377915,-7.233761252922323,1.0412750767499594,0.9587249232500408
-27.902932154007914,-7.434144600201893,0.9919305812795643,1.0080694187204358
-27.883350645389164,-7.633767610278176,0.9459282914448246,1.0540717085551754
-27.843085479316553,-7.829480727126789,0.9164011621422422,1.083598837857758
-27.7862100356796,-8.020911525684722,0.903554506680872,1.096445493319128
-27.72086961939981,-8.209894092985769,0.9003313776355715,1.0996686223644287
-27.6525968667497,-8.39775490239643,0.9026233742218933,1.0973766257781068
-27.583024401425337,-8.585122164929334,0.9092046896250009,1.0907953103749992
-27.514005894619437,-8.772836399956654,0.9162985895476804,1.0837014104523197
-27.44763313263561,-8.961542482371437,0.9198768864926157,1.0801231135073845
-27.38364153409211,-9.151001095359616,0.9202173526450625,1.0797826473549375
-27.32039926584962,-9.340649583071938,0.9199914280740015,1.0800085719259986
-27.257151388572726,-9.530308205933608,0.9203206849188399,1.0796793150811603
-27.194408969877006,-9.7201877305124,0.9200769911862635,1.0799230088137366
-27.13261027547619,-9.910397706063986,0.9183440011543901,1.08165599884561
-27.07107622624136,-10.100655496528505,0.9162319331948511,1.083768066805149
-27.008608224041904,-10.290557778403542,0.9156844991789627,1.0843155008210374
-26.94486051793705,-10.480031480318315,0.9170100793745389,1.0829899206254612
-26.880722047002,-10.669405623621085,0.9180865152936769,1.0819134847063232
-26.81788846122662,-10.859332726900087,0.915259382891472,1.084740617108528
-26.757268710483764,-11.05004744145425,0.9074218610489408,1.0925781389510592
-26.695163789791824,-11.240007777535482,0.9013677544017407,1.0986322455982596
-26.62759528717784,-11.427980905793888,0.9032672546715146,1.0967327453284856
-26.552996723305935,-11.613544751656955,0.9136918818715078,1.0863081181284922
-26.46900025331065,-11.794738579849492,0.9344645767202637,1.0655354232797363
-26.36973202595967,-11.968168671364978,0.9720353484428308,1.0279646515571694
-26.254667527727726,-12.132753844141916,1.0214325977968663,0.9785674022031339
-26.130674495335885,-12.290282074657899,1.0656653875995743,0.9343346124004259
-25.99991879218513,-12.440950653058414,1.0936277289832488,0.9063722710167513
-25.861408492443285,-12.584176977953158,1.1,0.9
-25.71534500971718,-12.719927270015614,1.0826991515472848,0.9173008484527154
-25.562755664087753,-12.849071924978578,1.0442406741680434,0.9557593258319567
-25.402219101989726,-12.968705547803646,0.9975175858156333,1.002482414184367
-25.234055446731677,-13.077878501144784,0.9520185474192764,1.0479814525807238
-25.057440878308327,-13.171391338731945,0.9220902810477604,1.0779097189522397
-24.87371842610533,-13.249445862086544,0.9100107581150535,1.0899892418849466
-24.686243394817595,-13.319079406971579,0.9066941214477057,1.0933058785522944
-24.498021242470696,-13.387040687475693,0.9036235175625518,1.0963764824374485
-24.310186623374157,-13.455618226636094,0.9006342485268309,1.0993657514731692
-24.123064025714207,-13.525825431272049,0.9000000000000001,1.1
-23.93754208860645,-13.600418289839066,0.9006021665670491,1.099397833432951
-23.755175571497077,-13.68246523893439,0.9001362941762826,1.0998637058237175
-23.576767837076698,-13.772638993688163,0.9,1.1
-23.40335854985968,-13.87209155725516,0.9003530409123429,1.0996469590876572
-23.23606375750341,-13.981543302489701,0.9008986842432093,1.0991013157567908
-23.075825907717412,-14.101092326623544,0.9015971651022145,1.0984028348977857
-22.923977740662977,-14.231135518811358,0.9015267228175173,1.0984732771824828
-22.781738567706142,-14.371612276939361,0.9005625433033836,1.0994374566966165
-22.649886806184508,-14.521878596562917,0.9000480008151096,1.0999519991848905
-22.52847689350782,-14.680682461436767,0.9027069351558626,1.0972930648441375
-22.41825011021196,-14.84744227944209,0.908092600777577,1.091907399222423
-22.32044984594879,-15.021824431061743,0.9141613582301023,1.085838641769898
-22.236731378074325,-15.203381133407303,0.9185728018418606,1.0814271981581394
-22.16783850314867,-15.390926341344926,0.9207742846225891,1.079225715377411
-22.11254457548739,-15.583127307728027,0.9228967649579091,1.077103235042091
-22.078231220220086,-15.780466796109728,0.9143427798689986,1.0856572201310015
-22.06303097355236,-15.979610885982234,0.9001283861471734,1.0998716138528268
-22.05178888646686,-16.17835092260183,0.9066323142698725,1.0933676857301278
-22.046968709607388,-16.37835136414541,0.9303374387765286,1.0696625612234714
-22.054106794610597,-16.578447863182316,0.9595268539281493,1.0404731460718508
-22.07663679488048,-16.77724328313605,0.9859119867071277,1.0140880132928725
-22.114714025394868,-16.97355296610975,1.0068520958289207,0.9931479041710795
-22.1697140255503,-17.16574376585139,1.0188503223591212,0.9811496776408789
-22.241651979087067,-17.352197844272602,1.0205222040785913,0.9794777959214088
-22.329350935256645,-17.531896214692516,1.012963602059921,0.9870363979400791
-22.429634314811725,-17.704890214309085,1.0007022417437994,0.9992977582562007
-22.54135025838569,-17.870734188407223,0.9857054078053471,1.014294592194653
-22.663260405119917,-18.029246933632606,0.9697461955849122,1.030253804415088
-22.793813066186623,-18.18063734098886,0.9554445764223349,1.0445554235776653
-22.93172675045474,-18.32531040139939,0.9449717759656252,1.055028224034375
-23.0771067768547,-18.462558736277444,0.9377789723206404,1.0622210276793598
-23.230198550599617,-18.59117646507179,0.9324287749885527,1.0675712250114475
-23.389925087485974,-18.71129269956607,0.930319303102195,1.0696806968978052
-23.555735695047577,-18.82278711128806,0.9321135847991423,1.0678864152008578
-23.72805831630272,-18.924352744095334,0.9351659894871273,1.0648340105128729
-23.908085170239612,-19.01137803190506,0.9333374866192548,1.0666625133807452
-24.094381796014655,-19.084443950932464,0.9274026511860904,1.0725973488139096
-24.285455998980016,-19.14244393178559,0.9194537048027703,1.0805462951972298
-24.479914539941767,-19.18912804435757,0.9145002083200908,1.0854997916799094
-24.678068354709822,-19.218376998187747,0.9066543576002799,1.0933456423997203
-24.876609365553144,-19.233404196202265,0.9050785009929243,1.0949214990070757
-25.07542602343474,-19.24820193459898,0.9272988362019028,1.0727011637980972
-25.276062827981242,-19.24996730847903,0.9526612533322331,1.047338746667767
-25.475436921061778,-19.23575218288811,0.9727110415695616,1.0272889584304385
-25.674110357659877,-19.214202991998295,0.9969190304689287,1.0030809695310714
-25.872384500118528,-19.18658245257721,1.0249635846887875,0.9750364153112128
-26.068831484461242,-19.14921406006725,1.04928746849592,0.9507125315040801
-26.263552676773987,-19.103641006428024,1.0693408721031352,0.9306591278968649
-26.456867773062037,-19.05209298164555,1.085949116463412,0.9140508835365881
-26.64822343265344,-18.99438008092984,1.0967255627782517,0.9032744372217484
-26.83754758167245,-18.930620044642517,1.0999638376420755,0.9000361623579247
-27.025871406929788,-18.86344368345243,1.0986380027516658,0.9013619972483343
-27.21426346913248,-18.79614063006676,1.0974618793848196,0.9025381206151806
-27.402906656934594,-18.729691754876892,1.0980577335436048,0.9019422664563953
-27.591632093775996,-18.66359334716046,1.0994141477054227,0.9005858522945775
-27.780215144681343,-18.597163886381686,1.0998498885731838,0.9001501114268162
-27.968351150392287,-18.5295821692935,1.097643840394246,0.9023561596057543
-28.155921727098903,-18.460407387101917,1.0919996788974697,0.9080003211025304
-28.343019549862362,-18.38995271204617,1.083454123259902,0.9165458767400982
-28.529868171131604,-18.318799819079317,1.0735909998126445,0.9264090001873555
-28.717258238023085,-18.248870230610695,1.0666146190480061,0.9333853809519941
-28.906234931302812,-18.183101172356146,1.0675485018874673,0.9324514981125328
-29.096445701213163,-18.120992107038706,1.0748775822712544,0.9251224177287457
-29.28589412127391,-18.05766127432845,1.079701396906038,0.920298603093962
-29.47355378722312,-17.989377075895124,1.075830214478556,0.9241697855214439
-29.660794982591323,-17.9189086887393,1.06832309532911,0.93167690467089
-29.84915844901234,-17.851285455138918,1.0658314687879058,0.9341685312120944
-30.03858382617755,-17.78699973146958,1.069456810111732,0.930543189888268
-30.22784872873143,-17.722694686967976,1.0733754473891879,0.9266245526108121
-30.416032138913437,-17.65562481706955,1.0724174762888354,0.9275825237111648
-30.60337149711182,-17.585802801952394,1.0670907523885143,0.9329092476114859
-30.791216881818453,-17.516891997355305,1.0638329702211526,0.9361670297788475
-30.980092185788564,-17.451048927361224,1.0662982740624865,0.9337017259375137
-31.16923178942852,-17.386307641995273,1.0717323314924276,0.9282676685075724
-31.358278981667056,-17.321304881140218,1.0776433533362852,0.9223566466637148
-31.547433173490877,-17.256311327953785,1.0842857005315232,0.9157142994684769
-31.736754764723848,-17.191727539863233,1.091921258075117,0.9080787419248832
-31.92553662306545,-17.126116448067044,1.097964316377312,0.9020356836226879
-32.11334801593168,-17.057777121240637,1.1,0.9000000000000001
-32.30022884123363,-16.986319023113147,1.0983716807904433,0.9016283192095567
-32.484447033082404,-16.9089253107003,1.0903879662352474,0.9096120337647526
-32.66251381805382,-16.81892734210289,1.0685073757534882,0.931492624246512
-32.83253114055619,-16.713109095745992,1.0311456421435425,0.9688543578564577
-32.993942979708095,-16.593599643535583,0.9864617596991975,1.0135382403008026
-33.146974052744675,-16.464685816352745,0.9475744894352071,1.052425510564793
-33.29260677108514,-16.32876592549975,0.9251896840606516,1.0748103159393485
-33.4260810272343,-16.179805236715115,0.9139325817885299,1.0860674182114702
-33.53588549207771,-16.012717539646655,0.9037887511547593,1.0962112488452407
-33.622577436281574,-15.833628806991223,0.9075591987253225,1.0924408012746776
-33.69299149150216,-15.647836788151645,0.9388797929881856,1.0611202070118146
-33.75297521591461,-15.45593782301038,0.9927589742237748,1.0072410257762252
-33.788422699204965,-15.259039334950424,1.0314024941149926,0.9685975058850074
-33.81057747220978,-15.059894622654559,1.0676889344749996,0.9323110655250006
-33.81897604072173,-14.86012577198412,1.0937310291488052,0.9062689708511948
-33.80888510957542,-14.661120905342054,1.1,0.9
-33.79027282954568,-14.461771864527151,1.0978614704441658,0.9021385295558343
-33.771037614898276,-14.262666763197233,1.0969102938223647,0.9030897061776353
-33.7446129774236,-14.06463074631578,1.0890989381076217,0.9109010618923785
-33.71697900514636,-13.866447399042006,1.0819501483634486,0.9180498516365516
-33.685410142876144,-13.669153257840593,1.0704139190278468,0.9295860809721533
-33.65001444916037,-13.472303287708353,1.0557384898355382,0.9442615101644618
-33.614333283968186,-13.275520411638283,1.0412855676482045,0.9587144323517955
-33.57601394211726,-13.07932819670248,1.0241000615446179,0.9758999384553824
-33.53614971518741,-12.883355613177956,1.0051453466256304,0.9948546533743697
-33.49585206808635,-12.687453151017506,0.9858702029298371,1.014129797070163
-33.45645963804359,-12.491449111424474,0.9685510251499352,1.0314489748500648
-33.41923338309338,-12.29503609154183,0.9537521409194835,1.0462478590805167
-33.38113490166088,-12.098609976277112,0.9373636531299553,1.0626363468700448
-33.34520335662233,-11.901979066634066,0.9233972038114724,1.0766027961885278
-33.31318544930224,-11.70468278887015,0.9137251520073015,1.0862748479926987
-33.28346484834498,-11.506826231511047,0.9061463451171422,1.093853654882858
-33.25676806016352,-11.3086913358826,0.9013293408700576,1.0986706591299424
-33.236383134106305,-11.1098895395585,0.903458183403049,1.0965418165969512
-33.22591967908766,-10.910223512768962,0.9156334930714942,1.084366506928506
-33.23218952650912,-10.711417578941182,0.9460114338563693,1.0539885661436308
-33.266365618232825,-10.512918323330865,1.0031029004962762,0.996897099503724
-33.319276197375196,-10.318512962504848,1.0634306218116196,0.9365693781883806
-33.37677566900716,-10.129492851376625,1.0945730007828207,0.9054269992171793
-33.44976824051514,-9.94434755894462,1.0996563000518251,0.9003436999481749
-33.54935544714256,-9.77069121420385,1.0975727550080854,0.9024272449919148
-33.67545248160835,-9.61512277525409,1.0966310736131488,0.9033689263868513
-33.82497658243817,-9.482056203046543,1.0987665299095062,0.9012334700904939
-33.992825073250806,-9.372051626038509,1.1,0.9
-34.16863584072266,-9.281565064903814,1.0866439484257688,0.9133560515742312
-34.34182877585448,-9.183069077852434,1.027021898785049,0.9729781012149511
-34.51633477056648,-9.078210336474687,0.9524444721481489,1.0475555278518511
-34.69333351086767,-8.986636393400033,0.9087022815794416,1.0912977184205586
-34.869340015812575,-8.895372680240566,0.900177000925309,1.0998229990746913
-35.03445246123085,-8.78263276518976,0.9045098918396332,1.095490108160367
-35.17378556256361,-8.639234342040172,0.9005155133457454,1.0994844866542546
-35.28347775149692,-8.472766012576482,0.9007183180090601,1.0992816819909401
-35.37505430313023,-8.295930298955906,0.9339041305021116,1.0660958694978886
-35.44818074314873,-8.109451162500417,0.9850591029666912,1.014940897033309
-35.51207032780154,-7.919170194091006,1.056886785637975,0.9431132143620252
-35.54808775704619,-7.723126182228847,1.0987127597927615,0.9012872402072385
-35.551097712371664,-7.523590969966312,1.0987722828231736,0.9012277171768264
-35.53408081163959,-7.324142425674905,1.0766851857355875,0.9233148142644128
-35.525071233006685,-7.124424024788585,1.0811696009411553,0.9188303990588447
-35.51640216916139,-6.9246280370260616,1.093205266491498,0.9067947335085023
-35.50450648306539,-6.725081489482267,1.099829552681813,0.9001704473181873
-35.48043821481864,-6.526628509326581,1.079693848867653,0.9203061511323469
-35.4551702432237,-6.328225693232559,1.0535282848470864,0.9464717151529138
-35.43268037883794,-6.129537783142194,1.0306913005762801,0.9693086994237199
-35.41692407733214,-5.930260040261504,1.0204017352555084,0.9795982647444919
-35.41970385094718,-5.7303103728099325,1.0471013524364192,0.952898647563581
-35.41659646264458,-5.530437924106638,1.0626465290172042,0.9373534709827958
-35.3982663239609,-5.331381523711226,1.050337807831272,0.9496621921687282
-35.369219194658235,-5.133572183106196,1.0193491934269852,0.980650806573015
-35.335959332434676,-4.936332108699993,0.9843223234557792,1.015677676544221
-35.30830563300864,-4.738367044357541,0.9665819207961778,1.0334180792038223
-35.28831628630632,-4.539476741028803,0.9698439492528782,1.030156050747122
-35.247990760848886,-4.343600169454115,0.9409844862721977,1.0590155137278026
-35.20767011211306,-4.1477626257419775,0.9212929681499087,1.0787070318500915
-35.16446018896795,-3.9525558051093146,0.9060610290475051,1.093938970952495
-35.12118142057626,-3.7573562940697833,0.9024599377410918,1.0975400622589082
-35.07373116570783,-3.563108359814857,0.9034243830800793,1.0965756169199208
-35.017779739946896,-3.371141354149902,0.9012691815323673,1.0987308184676328
-34.954858817731385,-3.181391223150328,0.9001972968475296,1.0998027031524706
-34.88615661674094,-2.9936182877160658,0.9035468186082024,1.0964531813917977
-34.807923560238784,-2.8095871172303073,0.9040690028486327,1.0959309971513673
-34.721357721119105,-2.629344330041609,0.9036941398494037,1.0963058601505964
-34.625531020347246,-2.4538564779570304,0.9007991337336747,1.0992008662663255
-34.52293097966178,-2.282309321613946,0.9001347189848617,1.0998652810151384
-34.413201531238,-2.1151495181197677,0.9012540259665636,1.0987459740334364
-34.29644940407373,-1.9528292493318267,0.9035574712893655,1.0964425287106345
-34.173117702596784,-1.7954656316215643,0.9072702027304842,1.092729797269516
-34.044051628071394,-1.6428104484706576,0.9136184986840332,1.0863815013159668
-33.90963346083608,-1.4948506799532517,0.9228139514907164,1.0771860485092837
-33.769907255451464,-1.3518084183864914,0.934145847928259,1.065854152071741
-33.62347962278033,-1.215589251429729,0.9432169257850085,1.0567830742149917
-33.46980315226789,-1.0876282064978537,0.9468482609920186,1.0531517390079816
-33.30859947793587,-0.9692221417327244,0.9430684210534147,1.0569315789465854
-33.141559965444856,-0.8593536570112508,0.9351310899171992,1.064868910082801
-32.9709864230672,-0.7552665973434399,0.9290288072684398,1.0709711927315602
-32.79705446733764,-0.6566006336047537,0.9257973236717733,1.0742026763282269
-32.61855216681091,-0.5662475631593615,0.9207586550536135,1.0792413449463867
-32.43678029086438,-0.48319781529593336,0.9158726543151645,1.0841273456848357
-32.252626286460256,-0.40569765459877993,0.9141751215197067,1.0858248784802933
-32.065278438975525,-0.33540500909755644,0.9126198371527561,1.087380162847244
-31.87396179678335,-0.27605557816109044,0.9059146921697127,1.0940853078302875
-31.68112545988985,-0.22469541937427895,0.9004223371694844,1.0995776628305158
-31.488452551711354,-0.17310462604115454,0.9080565661459261,1.091943433854074
-31.293648854652186,-0.12555082493558098,0.9217364713335281,1.0782635286664721
-31.097568431454224,-0.0875876699139794,0.9338966200025253,1.0661033799974748
-30.902148182404524,-0.04742401092140674,0.9588293524082161,1.041170647591784
-30.705866805429856,-0.006556227700965654,0.9940937578945457,1.0059062421054543
-30.508450196772102,0.026057928550658055,1.0250605737100225,0.9749394262899775
-30.310199787159828,0.05163498581497218,1.0497498708660464,0.9502501291339536
-30.11117368687626,0.07068551680891957,1.0685651797904208,0.9314348202095795
-29.911692840336016,0.08412483893862419,1.0821686092728622,0.9178313907271379
-29.711940785795022,0.09283087177125554,1.0912872190583416,0.9087127809416585
-29.51205713067973,0.0977427058814074,1.096701575594532,0.9032984244054681
-29.312119839950604,0.09983653528073105,1.09927545721205,0.9007245427879501
-29.112164245610085,0.10017063356036339,1.1,0.8999999999999999
-28.91220613706689,0.09972347817145825,1.0998201482430896,0.9001798517569105
-28.712249300767144,0.0990278846781304,1.0992821753273925,0.9007178246726077
-28.512292466184253,0.09821012540998804,1.0985595120196128,0.9014404879803872
-28.312336215992108,0.09728685976227375,1.097688945172328,0.902311054827672
-28.112380283214492,0.09626973762088571,1.096691782764225,0.9033082172357749
-27.91242474801084,0.09517054257718927,1.0955889103399818,0.9044110896600184
-27.71246937928643,0.09399818639504855,1.0943969415265773,0.9056030584734229
-27.512514841926205,0.09275958425744696,1.0931251571766658,0.9068748428233343
-27.312561286916914,0.09145154632423601,1.0917716796322785,0.9082283203677215
-27.112607108589632,0.09007937985688998,1.0903439341663108,0.9096560658336893
-26.91265346082753,0.0886606124755037,1.0888674435743202,0.91113255642568
-26.71270076972905,0.08718789576957897,1.0873349831267183,0.9126650168732818
-26.51274808855016,0.08566620982062473,1.0857506417877874,0.9142493582122128
-26.31279582984706,0.0840987517827151,1.0841199184576775,0.9158800815423226
-26.11284388182013,0.08248941561654725,1.0824485312476377,0.9175514687523623
-25.912892242247544,0.08084192013229403,1.080742211990595,0.9192577880094052
-25.71294086322248,0.07916006114265126,1.0790066516177412,0.9209933483822588
-25.5129897642693,0.07744733686558497,1.0772468943606806,0.9227531056393194
-25.31303889038809,0.07570625823144407,1.0754664956535296,0.9245335043464706
-25.113088394326105,0.07393939818987233,1.0736682414081544,0.9263317585918458
-24.91313798707668,0.0721478551007582,1.0718547609576403,0.9281452390423598
-24.713187465717986,0.0703381273777985,1.070033722002774,0.9299662779972261
-24.51323756302103,0.06851286642374327,1.0682088277584652,0.931791172241535
-24.313287793835787,0.06666413058619675,1.066367548723531,0.9336324512764691
-24.113337940330577,0.06479996871687176,1.0645183816630719,0.9354816183369281
-23.91338841359265,0.06291953890338683,1.0626608124261814,0.9373391875738186
-23.71343897612965,0.06102413189054369,1.060794773423685,0.9392052265763152
-23.513489688145178,0.059114490084549345,1.0589201874809873,0.9410798125190128
-23.313540524473094,0.05719149803527487,1.0570369708576095,0.9429630291423905
-23.11359148219749,0.0552560002707213,1.0551450386921906,0.9448549613078095
-22.913642553802063,0.05330885504085179,1.0532443048602635,0.9467556951397365
-22.713693731941163,0.05135090184801648,1.0513346839595283,0.9486653160404718
-22.513745058295953,0.04938304946811961,1.0494161787562364,0.9505838212437636
-22.313796340646498,0.04740629247355097,1.0474899090768925,0.9525100909231077
-22.11384763370475,0.045424919571540164,1.0455595980571086,0.9544404019428916
-21.91389929537999,0.043436711944440334,1.0436210832241475,0.9563789167758526
-21.713950931749324,0.041434516028606316,1.041661562744689,0.958338437255311
-21.51400249727445,0.039427932607477297,1.0396926994222735,0.9603073005777265
-21.314054238253387,0.03741594554956878,1.0377139245888642,0.962286075411136
-21.114105985406805,0.035399841420033905,1.035725098729615,0.9642749012703852
-20.914157775099497,0.03338035035511935,1.0337261374493698,0.9662738625506304
-20.71420959015188,0.0313583762128581,1.0317169593045603,0.9682830406954398
-20.514261412397243,0.029334704491023218,1.0296974836529293,0.9703025163470708
-20.314313274358305,0.027310420238833764,1.027667613351209,0.972332386648791
-20.114365005024954,0.025285472565635663,1.0256270369400502,0.97437296305995
-19.914416876040043,0.023263270754188017,1.023574578210604,0.9764254217893961
-19.714469071360526,0.02123154410722557,1.0214945411519687,0.9785054588480313
-19.514520838583902,0.01918641145312597,1.0193771862022398,0.9806228137977604
-19.314572523849648,0.01717068037805287,1.0172870061064123,0.9827129938935877
-19.114624429358745,0.015153452060071597,1.0151832053003766,0.9848167946996236
-18.914676081377078,0.013142369878512883,1.0130679080838247,0.9869320919161755
-18.71472766268763,0.011137150048221127,1.0109412171924836,0.9890587828075165
-18.51477925631158,0.00913724871306752,1.0087935441403855,0.9912064558596145
-18.314831308105997,0.007113314449793529,1.006563781262633,0.9934362187373673
-18.114884669620995,0.004994318858958586,1.0041180868311153,0.995881913168885
-17.91493916171714,0.002713335694371241,1.0013103733038546,0.9986896266961455
-17.71499180502939,0.00018408918655184447,0.9981463424066286,1.0018536575933714
-17.515046151267867,-0.0020057812660965206,0.9958827444789056,1.0041172555210944
-17.315174937862597,-0.0017700420954486352,0.9986104638587072,1.001389536141293
-17.115378552532547,0.0038223933181581876,1.0116861870883362,0.9883138129116638
-16.915602556225732,0.016660520894080204,1.0379207199686127,0.9620792800313874
-16.716026487499274,0.0318480662026601,1.0687977920568394,0.9312022079431606
-16.516534130686786,0.04236752161701617,1.0908720087939623,0.9091279912060377
-16.316870782547714,0.04596564613945412,1.0994873496650515,0.9005126503349485
-16.116919654946365,0.043366132125848784,1.0963672138362142,0.903632786163786
-15.916861489250508,0.040030540394152,1.0909387676826299,0.9090612323173701
-15.716900244220364,0.03746598792750048,1.086846989561297,0.913153010438703
-15.516945776642263,0.035828769888137144,1.084510199616466,0.9154898003835339
-15.316992667883806,0.034833204309656515,1.0834284398290968,0.9165715601709032
-15.117038232567404,0.03422852688818856,1.0830892353975692,0.9169107646024309
-14.917083772908576,0.033772777727928124,1.0830294880679892,0.916970511932011
-14.717126408551527,0.033353978666973004,1.0830096703212055,0.9169903296787946
-14.51716884799069,0.0329359813776319,1.082946596947989,0.9170534030520111
-14.317212128391656,0.03247018632982659,1.0827528415207706,0.9172471584792294
-14.117254801469997,0.03193923873984142,1.0823920203681952,0.917607979631805
-13.917297165251375,0.03135934968140597,1.081891892664725,0.918108107335275
-13.71733969047129,0.03074607581034789,1.081285003540128,0.9187149964598721
-13.51738224845957,0.03011552818083059,1.080603842842279,0.9193961571577212
-13.317424808440219,0.02948361593000721,1.0798808370526396,0.9201191629473605
-13.117467340456857,0.028866322570990522,1.0791483832192825,0.9208516167807175
-12.917509683911458,0.028279435710419708,1.0784388521381572,0.9215611478618431
-12.71755188056145,0.02773933596329325,1.0777842571191814,0.9222157428808188
-12.517593975491495,0.027258680687731348,1.077211481108113,0.9227885188918871
-12.317635443960043,0.026843933823640916,1.0767334295188824,0.9232665704811177
-12.117677250224798,0.026505923054905563,1.0763678050516694,0.9236321949483306
-11.917719576832944,0.026216766844767897,1.0760687821984736,0.9239312178015265
-11.717761235990947,0.02596810433103311,1.0758171665623706,0.9241828334376294
-11.517802709340101,0.02576831611395232,1.0756267756281421,0.924373224371858
-11.31784435940821,0.025612075219709124,1.0754895199359205,0.9245104800640798
-11.117886094862548,0.025490789203201383,1.0753890087152387,0.9246109912847614
-10.917927847492539,0.025395535397396654,1.0753088142917482,0.9246911857082519
-10.717969480971435,0.025324207547801507,1.075244684726811,0.9247553152731893
-10.518011071706175,0.02527972595245038,1.075202372995708,0.9247976270042921
-10.318052636091274,0.025264771945673333,1.0751879927427126,0.9248120072572876
-10.118094164563848,0.025282353428023444,1.0752076275422202,0.9247923724577798
-9.918135935614272,0.025334284578819036,1.0752654978986795,0.9247345021013207
-9.718177668307268,0.025418056882315264,1.0753595320694482,0.924640467930552
-9.51821890791237,0.02554487133906959,1.0755097156925568,0.9244902843074433
-9.318260376844531,0.025729904302204565,1.0757443848637012,0.924255615136299
-9.118302152754163,0.025956978925263295,1.076036258480086,0.9239637415199141
-8.918343871080008,0.026215346816077935,1.0763626806912194,0.9236373193087807
-8.7183856605718,0.02649132638777078,1.0766974693503886,0.9233025306496117
-8.518427439428747,0.026771604122094533,1.0770143706784099,0.9229856293215902
-8.318469235576503,0.02704280055346132,1.0772871125615768,0.9227128874384233
-8.118511101475029,0.027291370623039306,1.0774894499742054,0.9225105500257949
-7.918553112555891,0.027504648545528348,1.0775972366024191,0.922402763397581
-7.718595712959816,0.027678765790989626,1.077604444038052,0.9223955559619482
-7.518638635136101,0.027826202485132165,1.0775416801969528,0.9224583198030472
-7.318681029381241,0.028021979494452804,1.0775577944970312,0.9224422055029691
-7.11872137862301,0.028420376090470073,1.0779568247228086,0.9220431752771914
-6.918759130470218,0.02918945556254525,1.07905569325974,0.9209443067402603
-6.718790173714974,0.030392211945653405,1.0809639424379696,0.9190360575620306
-6.518825250613629,0.031638666794856926,1.0828445544145162,0.9171554455854838
-6.318840091120105,0.0317996005129332,1.082515046886759,0.9174849531132411
-6.119027279566942,0.028664039677839308,1.0752022684804459,0.9247977315195541
-5.919576682861458,0.018370375617341225,1.0540206899747167,0.9459793100252833
-5.720482920481116,-0.00417954238220145,1.0099101502403676,0.9900898497596325
-5.521213584881778,-0.01907535131056198,0.9789342240478497,1.0210657759521504
-5.321389395800989,-0.019579610568348324,0.9762421883492287,1.0237578116507715
-5.121402327753866,-0.016527819660049365,0.9813887173972073,1.0186112826027927
-4.921467543656035,-0.013614217860580227,0.9863092383975944,1.0136907616024056
-4.721516672364908,-0.01178315522118816,0.9891247040421481,1.010875295957852
-4.521562622500344,-0.01064746876718678,0.9905104282818286,1.0094895717181716
-4.321605889480983,-0.009887531555843657,0.9911276850522637,1.0088723149477365
-4.121649074889406,-0.009147816366263287,0.9916668327307016,1.0083331672692986
-3.9216920931196135,-0.008385763228703743,0.9922359977011814,1.0077640022988186
-3.7217352368938346,-0.007598662899669976,0.9928383999423351,1.0071616000576649
-3.521778478629107,-0.006785271552260589,0.9934774155497175,1.0065225844502828
-3.321821837701815,-0.005943975877934606,0.9941563751645159,1.0058436248354843
-3.121865322199009,-0.005073259993464926,0.9948786034905428,1.0051213965094572
-2.9219089441864985,-0.004171601367526557,0.9956474300270138,1.0043525699729863
-2.7219527148646345,-0.003237405520024001,0.996466185891007,1.0035338141089931
-2.5219966461126253,-0.0022693949515043576,0.9973380625123409,1.0026619374876593
-2.322040758333894,-0.0012660374083629496,0.9982660610769273,1.0017339389230728
-2.122085103217555,-0.00021330105276983402,0.9992775786010037,1.0007224213989965
-1.9221296388835991,0.00086529592802195,1.0003281734748533,0.9996718265251467
-1.72217422214564,0.0019819799716900197,1.0014405519443037,0.9985594480556963
-1.5222195715517621,0.003138814004846654,1.0026198817339926,0.9973801182660076
-1.3222633800384955,0.004337577864501229,1.0038698219174278,0.9961301780825723
-1.1223133078278291,0.005579825798951557,1.0051937485522129,0.9948062514477873
-0.9223446980881914,0.006866933966164615,1.0065947816158614,0.9934052183841386
-0.7224353817836271,0.008199140454515365,1.0080729502083887,0.9919270497916113
-0.5223477124014452,0.00956515423046846,1.0096076150056352,0.9903923849943649
-0.3227728340809758,0.010956398995526306,1.0111763889363394,0.9888236110636608
-0.12273614479390783,0.012388701222227759,1.0127823244928345,0.9872176755071657
0.07746516212832773,0.013036488562856127,1.0135612577954696,0.9864387422045305
