0.1671561559178981,-0.12490410631906058,0.8490957294163248,1.1509042705836754
0.36497764812651745,-0.09723346928367249,0.8437268953748586,1.1562731046251418
0.5633760423734118,-0.07297402334714871,0.8354152572877913,1.164584742712209
0.76275950471256,-0.06206164427622045,0.8223285262417526,1.1776714737582477
0.9611140092903556,-0.03958699155539975,0.812484401417671,1.1875155985823294
1.1612332894545336,-0.03304705293529309,0.8144413162087405,1.1855586837912597
1.3576650257765164,-0.010775344809073445,0.8169413986413545,1.1830586013586457
1.556890286704882,0.01982247226485183,0.8195039661563253,1.180496033843675
1.756469855403094,0.028365260858212647,0.8286762818374724,1.1713237181625278
1.9547026405188244,0.038708966420606165,0.8373182742579843,1.162681725742016
2.1510073873673257,0.07026640000910675,0.8438193300395276,1.1561806699604726
2.3510459637724344,0.09836092556605727,0.8480985309599891,1.1519014690400111
2.5507304365304244,0.10395807139737698,0.8511802285959558,1.1488197714040445
2.7498169163659316,0.10784601368913943,0.8528702777915568,1.1471297222084433
2.948452198862957,0.12207340340585093,0.8547267532339495,1.1452732467660507
3.1473013245156847,0.142551915263791,0.8553442264904917,1.1446557735095086
3.3470792955865263,0.15934977313649373,0.8565329655429418,1.1434670344570583
3.546785643604432,0.15444092059712253,0.8534282099593828,1.1465717900406172
3.746144479435239,0.14850790982606932,0.8496309433912614,1.1503690566087388
3.9457806429860227,0.1458045042279735,0.846504453544517,1.1534955464554832
4.14570125036845,0.14428892023198261,0.8431627028021064,1.1568372971978937
4.345592149748476,0.13954933394955327,0.8392676462206747,1.1607323537793255
4.544917697716703,0.13341708521222792,0.8341746725983281,1.1658253274016719
4.744688691210189,0.13279230915937243,0.8304082572408376,1.1695917427591627
4.94481048164999,0.1279721795808443,0.8264459292922863,1.173554070707714
5.144253960313624,0.11955350793625387,0.8212762790570984,1.1787237209429016
5.343721764231664,0.11517012948809487,0.8168622608420414,1.1831377391579587
5.543448035466311,0.11389916463309036,0.813002769652466,1.1869972303475342
5.743258390812061,0.11405702004776568,0.8099004184775827,1.1900995815224176
5.94308461679012,0.1116517978193182,0.8076116078027153,1.1923883921972849
6.142977900545577,0.10216441566772468,0.8061713988200382,1.1938286011799621
6.341564810562176,0.07987715886359659,0.8036638016617544,1.1963361983382457
6.53947869895907,0.0603541373818033,0.8011158347123605,1.1988841652876396
6.739465702827396,0.054832904122074186,0.8087024361281188,1.1912975638718812
6.938420522617806,0.03688570460236398,0.8212202701464691,1.178779729853531
7.137913081652257,0.02692693260158414,0.8340684169419234,1.1659315830580768
7.336342464054317,0.0040199960172533165,0.8408537033304447,1.1591462966695554
7.535448826971834,-0.01138389700269486,0.8423957164437156,1.1576042835562845
7.733175159440935,-0.039622129478982186,0.8418442585697026,1.1581557414302976
7.931946021777329,-0.060393215142600966,0.8416497060505588,1.1583502939494414
8.128743818428424,-0.09430013124294694,0.8416012468679432,1.1583987531320568
8.327087802479104,-0.11544377575556826,0.8459866915435961,1.154013308456404
8.525498755556072,-0.1411388409238598,0.8509221485029008,1.1490778514970994
8.723553871885642,-0.1662309405324074,0.8559382978869999,1.1440617021130002
8.921647749075742,-0.19279782648586546,0.8622181761414881,1.137781823858512
9.119191828233731,-0.2226573854221968,0.8686855568898662,1.131314443110134
9.316431407049834,-0.25424214391029337,0.8759681270170452,1.124031872982955
9.513460943268177,-0.2866557219400645,0.883579307415996,1.1164206925840041
9.711133954227991,-0.31597846299278687,0.8926964923765195,1.1073035076234807
9.90833602549055,-0.34808637369161494,0.9024252428906698,1.0975747571093304
10.10498759549482,-0.3829504542485192,0.912370991765027,1.087629008234973
10.30166470552314,-0.41832501338036243,0.9233075573479397,1.0766924426520603
10.498246685342755,-0.4542437563056289,0.9351945745538918,1.0648054254461083
10.693822513634917,-0.4936663436096264,0.9483365682579552,1.051663431742045
10.88851677249508,-0.5389618255231309,0.960571100195305,1.0394288998046952
11.084879473419543,-0.5767796829740263,0.9756351932667704,1.0243648067332298
11.279402829896263,-0.620658236866847,0.991199035548012,1.0088009644519882
11.47375568246513,-0.6675876990676862,1.0068202296679392,0.9931797703320611
11.668396277739461,-0.7137813598569562,1.023560974264865,0.9764390257351352
11.862250975221485,-0.7604807052399869,1.0422824692339239,0.9577175307660762
12.053728430638522,-0.8171345586747514,1.0601791646630185,0.9398208353369816
12.245856765016804,-0.8730776901501618,1.0786723764271766,0.9213276235728236
12.437176323976333,-0.9305883911793434,1.0976026039046556,0.9023973960953446
12.627232899968341,-0.9917867497876167,1.1159969210024492,0.8840030789975509
12.814538525910779,-1.0596464453632242,1.1338703032238238,0.8661296967761765
12.999823100710275,-1.1357631597544424,1.1486866836007539,0.8513133163992463
13.187320808014048,-1.2054966715982705,1.1629248974904791,0.8370751025095209
13.373451713700295,-1.2758875334686448,1.1774948334585145,0.8225051665414855
13.555525760953593,-1.3588749392411028,1.1858594585511546,0.8141405414488454
13.741193718911118,-1.433650980027332,1.1925533553302048,0.8074466446697954
13.927505820802201,-1.5042963801051843,1.2000000000000002,0.8
14.106185038427268,-1.5933465952474444,1.1994165400202719,0.8005834599797284
14.28442939878524,-1.6844045751339831,1.1929889228820338,0.8070110771179663
14.461524866026554,-1.7758842229612681,1.182996185673636,0.8170038143263642
14.628469194805538,-1.8859605693693353,1.1589699036578913,0.8410300963421089
14.793691473268987,-1.9982552711707902,1.1246382964690524,0.8753617035309478
14.955412749452544,-2.115472214754608,1.0822293666246052,0.917770633375395
15.106908213741553,-2.2456470379591944,1.0276530795303005,0.9723469204696997
15.260332007786097,-2.3733582139648766,0.9672849978822056,1.0327150021177947
15.414815900548247,-2.500166760198755,0.9101449068219905,1.0898550931780095
15.557631230846276,-2.639894993959857,0.8582107743527758,1.1417892256472242
15.684511867462724,-2.794181904404829,0.8179756058340857,1.1820243941659145
15.796448618000815,-2.9597589135255555,0.8008255852709575,1.1991744147290428
15.893980662664827,-3.133419080919286,0.81159153749831,1.1884084625016902
15.990592652011287,-3.307757971247213,0.8454159168166464,1.1545840831833538
16.076029579019686,-3.488665461681312,0.8928327284823474,1.1071672715176528
16.15056185449618,-3.6741569377383927,0.949787887981013,1.0502121120189871
16.215577030319647,-3.862965303549922,1.0101328731292332,0.989867126870767
16.266579233026874,-4.055895461904163,1.0632514784428366,0.9367485215571636
16.323025122166605,-4.248181717774444,1.1039463995105976,0.8960536004894026
16.36012904162043,-4.443625123897715,1.136154727699564,0.8638452723004362
16.384229586037193,-4.642178862528163,1.1613365267742457,0.8386634732257545
16.419067406440472,-4.839501969575957,1.1801449955227419,0.8198550044772582
16.442496747676913,-5.037029031751245,1.1910481685858636,0.8089518314141366
16.45688241737942,-5.23682191640453,1.1968231126702515,0.8031768873297486
16.474787413692237,-5.4351821013817165,1.2000000000000002,0.8
16.476701639245654,-5.634335180850351,1.1996900696186938,0.8003099303813065
16.485173429898783,-5.835122012181061,1.198544209579824,0.8014557904201761
16.505781271634543,-6.033834357332069,1.1971167037751027,0.8028832962248974
16.5235002104227,-6.23183615200884,1.196802787630877,0.803197212369123
16.533120570851192,-6.431626536724926,1.1981652042435553,0.8018347957564448
16.551356377886297,-6.6303923223552585,1.1952879054161143,0.8047120945838858
16.562139597912825,-6.829944429685234,1.190066491282038,0.8099335087179622
16.583710425558138,-7.028322303713149,1.183590794928402,0.8164092050715982
16.597541652624976,-7.227849777243243,1.1744368506530294,0.8255631493469707
16.6240033035464,-7.426285265285166,1.1658272845459605,0.8341727154540397
16.642432099561745,-7.623834508735094,1.1551638601447183,0.844836139855282
16.657156974589146,-7.82409279293868,1.1442431988377257,0.8557568011622745
16.681068742424834,-8.02231904332668,1.1331919118195781,0.8668080881804219
16.696235843896744,-8.220758639924801,1.1208689235108982,0.8791310764891019
16.712914299412688,-8.420470155466827,1.1084411386454576,0.8915588613545427
16.732421233859586,-8.619537155388615,1.0955118223034312,0.904488177696569
16.75255359731545,-8.817855969320314,1.0820291831012392,0.917970816898761
16.767241866968387,-9.016930969956476,1.0682448296254488,0.9317551703745515
16.781911576591984,-9.21643990579955,1.054374055509518,0.9456259444904822
16.7970234411956,-9.41518325394118,1.0403152443130064,0.9596847556869937
16.81044767071702,-9.6152409905238,1.0262769160930634,0.9737230839069368
16.83458878637404,-9.813312733086331,1.0125262257962389,0.9874737742037614
16.849035703086585,-10.011842673651204,0.9993240263556129,1.0006759736443873
16.86326852019804,-10.211808979973632,0.9867117531711773,1.013288246828823
16.885365597003204,-10.409763038096008,0.9746758497530895,1.0253241502469106
16.89715948266533,-10.609351975462365,0.9625950794717988,1.0374049205282014
16.92018926564191,-10.808016137180218,0.9514420954707514,1.0485579045292488
16.941226911441444,-11.006279865206999,0.9411758541351348,1.0588241458648655
16.9576109575083,-11.205580656551,0.9309574235394902,1.06904257646051
16.98093128360503,-11.403992288480547,0.9216893819656462,1.078310618034354
17.002945244089343,-11.602440274754407,0.9132816325787093,1.0867183674212908
17.020697365925393,-11.801531208874698,0.9050316240935968,1.0949683759064033
17.045792788521783,-11.999614840841797,0.897772996366718,1.1022270036332822
17.0744054704914,-12.197329001288724,0.8920376566272363,1.1079623433727637
17.095114417776283,-12.396098390356077,0.8863419337223616,1.1136580662776385
17.119810939732847,-12.594195965107401,0.8814968837252047,1.1185031162747954
17.15113430111359,-12.791571455714852,0.8784174118126606,1.1215825881873394
17.176458270341584,-12.9897910400605,0.8759558843995966,1.1240441156004035
17.202503020678005,-13.187536234886965,0.873805339056857,1.1261946609431432
17.23943040487384,-13.38403098140703,0.8744093942140707,1.1255906057859295
17.264778537689896,-13.582234680241209,0.8750064062876458,1.1249935937123543
17.295744188631808,-13.779278586371872,0.8765259268778114,1.1234740731221888
17.33409209432151,-13.975449834436303,0.881002311899239,1.118997688100761
17.363635206158133,-14.172916426019373,0.8847706233434377,1.1152293766565624
17.402495372122644,-14.368924757834376,0.8906899984354744,1.1093100015645259
17.437880628200713,-14.565552874324334,0.8978294523365498,1.1021705476634505
17.472939515527013,-14.762107574548406,0.9053121714650346,1.0946878285349655
17.514544679712383,-14.957629564750592,0.9145888234281868,1.0854111765718133
17.559074791954846,-15.152421513118929,0.9256845502602633,1.074315449739737
17.59876855649798,-15.347960218012393,0.9374193042002956,1.0625806957997044
17.639051527689993,-15.5438506163878,0.9497638174565453,1.0502361825434547
17.685499055465115,-15.737913969335082,0.9649130673190917,1.0350869326809085
17.72623102153806,-15.933409093837117,0.9798237593176002,1.0201762406824
17.77701364736454,-16.127281066306914,0.9968292003411305,1.0031707996588697
17.829044902202277,-16.319245822226495,1.0172978434675477,0.9827021565324525
17.87290689939284,-16.514376455862795,1.0360302119755973,0.9639697880244029
17.92772064617597,-16.707054597819212,1.057735130381979,0.9422648696180209
17.976630791839852,-16.899580975528163,1.0797630745894293,0.9202369254105708
18.025565517864617,-17.094376941947075,1.1001381608135072,0.899861839186493
18.08051822516892,-17.28662730516694,1.1215959616438205,0.8784040383561798
18.129720805935293,-17.478741424945785,1.142309158946445,0.8576908410535553
18.17369853971994,-17.674815803421147,1.1590368756532876,0.8409631243467126
18.2225036468256,-17.86820987716437,1.1756538101709912,0.8243461898290089
18.26126144206784,-18.063285801984375,1.1880255638565402,0.8119744361434599
18.29964266740235,-18.25998824407198,1.196012748239374,0.803987251760626
18.338206361334063,-18.45579891772585,1.1999873021335792,0.8000126978664209
18.37776299764074,-18.6520726329844,1.1979282412329266,0.8020717587670736
18.425858307831497,-18.846241327002,1.1910448393938295,0.8089551606061706
18.47746200238373,-19.03860985624155,1.1793043430062347,0.8206956569937656
18.52136489484998,-19.233347311510922,1.160520516735772,0.8394794832642283
18.565221033095224,-19.428693051732765,1.1367438159118985,0.8632561840881017
18.61577041876334,-19.62184790302997,1.1104705530989665,0.8895294469010337
18.66728401825796,-19.814779126433084,1.0815472417725147,0.9184527582274855
18.71545519523425,-20.008747227468106,1.0496849439726241,0.9503150560273761
18.767005583278177,-20.20174965045602,1.0169969606328226,0.9830030393671775
18.82148121625034,-20.39389516456771,0.9844554554512952,1.015544544548705
18.877483453828955,-20.5855918446175,0.9520735124010931,1.0479264875989072
18.93903601427687,-20.77576640810897,0.9228729803062998,1.0771270196937004
18.994994048646554,-20.967246000668197,0.8974059416392899,1.1025940583607103
19.036163942507823,-21.162980967582115,0.872303370946572,1.1276966290534283
19.07864828011726,-21.358270307924492,0.8510115503788273,1.1489884496211729
19.126430707796747,-21.551883731513957,0.8345673523263507,1.1654326476736494
19.175428237281764,-21.745690702484538,0.8222204935339976,1.1777795064660026
19.21961358089078,-21.940668233675627,0.8127001459531281,1.187299854046872
19.262605958141286,-22.135501595126197,0.8061027778659687,1.1938972221340314
19.30584736000802,-22.330536578188873,0.8028039334556883,1.1971960665443118
19.3435005179016,-22.5270314700063,0.8009047607518461,1.199095239248154
19.377882016807543,-22.723813917752647,0.800116108363836,1.1998838916361643
19.410719539039473,-22.920920472426726,0.8001236179186879,1.1998763820813123
19.44302229817015,-23.117824933981893,0.8003930868011361,1.199606913198864
19.476402142626863,-23.314996767831705,0.8008193653067244,1.1991806346932758
19.50897225852294,-23.512193683679076,0.800960718310092,1.1990392816899083
19.54418962172457,-23.70768933950751,0.8007707374298443,1.1992292625701557
19.582800937400982,-23.904330013309828,0.8016437232772871,1.1983562767227132
19.615532868928852,-24.101924582410923,0.8014808601968257,1.1985191398031745
19.649346426348956,-24.298698808048698,0.8018594619991374,1.1981405380008627
19.68362447605553,-24.49493315855858,0.8026792024010005,1.1973207975989997
19.723841065154648,-24.690243352844423,0.805218597707361,1.194781402292639
19.762801102215953,-24.88713686098514,0.8087545499631718,1.1912454500368284
19.79898463063827,-25.083685124869696,0.8125545632124866,1.1874454367875136
19.838070636849576,-25.27896016203659,0.8180395073005279,1.1819604926994722
19.882507081512497,-25.473577238707136,0.82607829908725,1.1739217009127503
19.92863875139768,-25.66848567991332,0.8363041604608069,1.1636958395391932
19.97258761871969,-25.863502936454186,0.8477516748673282,1.152248325132672
20.018394768905235,-26.057437882336732,0.8610942161160995,1.1389057838839007
20.07253844086332,-26.249873735489587,0.8784311474510798,1.1215688525489205
20.128432053167487,-26.441919577804153,0.8989077572641635,1.1010922427358367
20.183137460275486,-26.63383524687315,0.9210659588062093,1.0789340411937909
20.24252909465424,-26.824748668611733,0.947331827881069,1.0526681721189313
20.302639755966553,-27.015075841931687,0.9761480215070557,1.0238519784929445
20.366711865047876,-27.204478583933817,1.0073164368107295,0.9926835631892708
20.43383133468383,-27.393201917623667,1.0399283677561968,0.9600716322438034
20.503500468793366,-27.579928802969228,1.0743285319111948,0.9256714680888053
20.56651474058732,-27.76901709086781,1.1064143287637418,0.8935856712362583
20.630829554941325,-27.958262718861686,1.1369375867379818,0.8630624132620184
20.69280924993241,-28.147512871046565,1.163007620076778,0.8369923799232222
20.75726296733759,-28.33720641919536,1.181586813034591,0.8184131869654092
20.8339712470657,-28.52193122606907,1.1943661917948716,0.8056338082051286
20.922555559757633,-28.70096721651462,1.199608731290085,0.8003912687099153
21.021631636132415,-28.874942600440498,1.1966020912288657,0.8033979087711343
21.12574419534365,-29.045016192598364,1.1864891196984946,0.8135108803015056
21.22883990319523,-29.21535326109449,1.1699020763722103,0.8300979236277899
21.337562646622374,-29.3832852189167,1.1504212938348073,0.8495787061651929
21.454765593026192,-29.5452980090572,1.130501128545369,0.8694988714546312
21.579425389308327,-29.701466170985807,1.1112175846170245,0.8887824153829758
21.71170470044903,-29.851306727995127,1.0948038020242117,0.9051961979757884
21.849633638291284,-29.9959752312036,1.0828619042036705,0.9171380957963298
21.991715935493247,-30.13593685588869,1.0776083528967026,0.9223916471032975
22.135247044119428,-30.274344299171275,1.0780910267965413,0.9219089732034589
22.2848006467869,-30.4069251999094,1.0840842671049875,0.9159157328950125
22.44348185038457,-30.528631547392553,1.09486629117441,0.90513370882559
22.611931231538044,-30.635865349347352,1.1110720957478457,0.8889279042521543
22.786098237911883,-30.7336093953127,1.1268258421520074,0.8731741578479926
22.967875553275253,-30.81635015394861,1.1467050379186463,0.8532949620813537
23.152183858898397,-30.892677325484694,1.1643726797113418,0.8356273202886583
23.34170291774557,-30.957346150602408,1.1754492708859143,0.8245507291140858
23.538218273829777,-30.99297296205219,1.1886162548574968,0.8113837451425033
23.735135481425086,-31.01801124592806,1.1986639899923264,0.8013360100076738
23.934295997026748,-31.038402910056217,1.1991072642995404,0.8008927357004598
24.134664468237943,-31.026836429589046,1.1921982875618642,0.807801712438136
24.33135775198341,-30.99467013679144,1.1743081297887823,0.825691870211218
24.52624335787733,-30.958426230482804,1.1510736225142104,0.8489263774857898
24.72214090424514,-30.917477410584628,1.1265240755857944,0.8734759244142056
24.912736665409902,-30.854819941517093,1.101458616631787,0.8985413833682131
25.09569754877376,-30.774048093371164,1.0756938744315832,0.924306125568417
25.27450164795165,-30.685904357271838,1.0492262443070852,0.9507737556929149
25.4528358971369,-30.597041608445195,1.0226060535518444,0.9773939464481557
25.6304117044818,-30.505154761662908,0.9978492628515689,1.0021507371484313
25.806154381019603,-30.41017485778026,0.9760632902921778,1.0239367097078222
25.981269882090302,-30.314359187128037,0.9569512099865106,1.0430487900134895
26.15646462895855,-30.21800092848752,0.9401255209862918,1.0598744790137085
26.330616891018437,-30.119652880096087,0.9256071004555105,1.0743928995444896
26.50323011743096,-30.018907556497837,0.9131739244022231,1.086826075597777
26.6748765292936,-29.916452831190586,0.9022347983829102,1.09776520161709
26.8456048092453,-29.812551836262674,0.8924597487051739,1.1075402512948263
27.015356150065212,-29.70728136644021,0.883721094346194,1.1162789056538063
27.184424586432034,-29.601128364149915,0.875831944366156,1.1241680556338443
27.353738642016864,-29.494973637187748,0.8685408118573594,1.1314591881426406
27.525021384139826,-29.390664831812906,0.8607290009665605,1.1392709990334398
27.696224359012376,-29.288261332902508,0.8512854473643101,1.1487145526356901
27.86350863345031,-29.18151989256262,0.8416729766073099,1.1583270233926903
28.031220562458433,-29.073254826590745,0.8328415888213732,1.167158411178627
28.20459082504271,-28.972677484837867,0.8253704435376468,1.1746295564623535
28.3869573107522,-28.8900756435739,0.8159077574742266,1.1840922425257736
28.574695497852133,-28.821772485385345,0.8070439905948834,1.1929560094051168
28.76458934728073,-28.76145688860716,0.8001719705044561,1.1998280294955441
28.956071818500263,-28.704454397982165,0.8025588939885098,1.1974411060114902
29.153109849543657,-28.671248741482984,0.8016982037207262,1.198301796279274
29.35139878095243,-28.649000989022245,0.8013905292910878,1.1986094707089123
29.550885902376884,-28.64425898643804,0.8000000000000002,1.2000000000000002
29.750396575445702,-28.649186212561947,0.8024395915459044,1.1975604084540958
29.948739690784723,-28.675730728019253,0.8182936670026751,1.181706332997325
30.142094314945574,-28.727517099393406,0.8539890299594652,1.146010970040535
30.329325019241768,-28.79638731378674,0.9056772881585925,1.0943227118414076
30.51703075474354,-28.860545649439636,0.9641602397876999,1.0358397602123002
30.70649683601652,-28.924989745249043,1.0218168581878935,0.9781831418121067
30.893832012715702,-28.995990661981693,1.0735527051126645,0.9264472948873357
31.077647897324216,-29.07478207903494,1.1169563790692756,0.8830436209307247
31.257397798955658,-29.162067078303238,1.150242403378322,0.849757596621678
31.4328427508135,-29.257541963117298,1.1734756695372857,0.8265243304627146
31.603996127199235,-29.360439894415876,1.1881158266766296,0.8118841733233706
31.771189989518582,-29.469595509961483,1.1960657929423295,0.8039342070576707
31.93530061100828,-29.583441001582006,1.1993186960247855,0.8006813039752145
32.09804670708311,-29.69940491920239,1.2000000000000002,0.8
32.26067608326216,-29.815449738634527,1.1999179690157489,0.8000820309842512
32.42304939295523,-29.931765740111743,1.1996051181239475,0.8003948818760526
32.58528055253178,-30.048353411151435,1.1991648312009935,0.8008351687990066
32.74762244405833,-30.164813274721364,1.1987666237028942,0.8012333762971061
32.910045980085236,-30.28111644422012,1.1984357791768163,0.8015642208231838
33.07238129147698,-30.397530514708816,1.198082823660334,0.8019171763396662
33.23469001975372,-30.514011815931028,1.197708693372237,0.8022913066277634
33.39707573210272,-30.630391206243278,1.1973781766455547,0.8026218233544455
33.55950299649981,-30.746692339605634,1.1970915861426308,0.8029084138573696
33.721889895145154,-30.863042689626063,1.1968112484844349,0.8031887515155652
33.884260365451084,-30.97943489850321,1.1965294297191196,0.8034705702808806
34.04670535123167,-31.095728052884883,1.1962974048720805,0.8037025951279197
34.2091903086748,-31.211950412497895,1.1961174157654029,0.8038825842345972
34.37165503102533,-31.328197135527407,1.1959581149562708,0.8040418850437293
34.53410856402087,-31.44447017183348,1.1958204912616976,0.8041795087383025
34.6965953171119,-31.560686728235158,1.195733191383796,0.8042668086162041
34.85909419240447,-31.6768625168694,1.1956755192663884,0.8043244807336117
35.02171123425902,-31.792924917597734,1.1955785915186468,0.8044214084813535
35.18487968613548,-31.90829213198718,1.1956036263887662,0.8043963736112341
35.34852323831916,-32.022893836260664,1.1959411476365625,0.8040588523634378
35.51166925614033,-32.138037698127164,1.1962910530583362,0.8037089469416641
35.673987687495526,-32.25443975664371,1.196313357831741,0.8036866421682592
35.83641230951725,-32.37083783272519,1.1963527040566178,0.8036472959433825
35.99951039653712,-32.48627264406591,1.196702140527266,0.8032978594727342
36.16312515088809,-32.60094047269001,1.1972490438874843,0.8027509561125159
36.326813485182655,-32.71543344970841,1.1979174276417004,0.8020825723582997
36.48998451760318,-32.83057562400515,1.1985576271670837,0.8014423728329165
36.652564042766066,-32.946645856448264,1.1989982807603325,0.8010017192396677
36.81536644306467,-33.06256979539312,1.1994731594514092,0.800526840548591
36.97864263066165,-33.17770262744409,1.2000000000000002,0.8
37.14045026184278,-33.2946072667603,1.1984796690705035,0.8015203309294966
37.29843011578724,-33.41676157849421,1.19114784216513,0.8088521578348702
37.452010318548666,-33.544728189606424,1.1757157315624174,0.8242842684375827
37.600760744446994,-33.67805206228244,1.1522790526535485,0.8477209473464518
37.741600064082014,-33.81954856232527,1.1216079425756882,0.878392057424312
37.869731139742974,-33.97334023575668,1.0832905962802122,0.916709403719788
37.98684923185693,-34.135324001120786,1.0391601474930352,0.960839852506965
38.09867395816604,-34.30029703914669,0.9947480721384736,1.0052519278615266
38.198731659988155,-34.47326304972349,0.9496846207424029,1.0503153792575972
38.280481912029295,-34.655548064505844,0.9055403237489921,1.0944596762510082
38.33771296079978,-34.84679953365518,0.8668664697396196,1.1331335302603807
38.36441630933771,-35.04498603265736,0.8327009757946388,1.1672990242053616
38.359272955142025,-35.244347907782895,0.807909495130589,1.1920905048694113
38.3158044311065,-35.43850760366183,0.8,1.2000000000000002
38.237161312192285,-35.620765455331515,0.8190032049050595,1.1809967950949405
38.12513438070992,-35.78615351315107,0.8661855318206038,1.1338144681793965
37.98358380275848,-35.927922823196575,0.9323873617866656,1.0676126382133346
37.828891206545414,-36.05386758436963,1.0064120610306038,0.9935879389693963
37.6650864309321,-36.16767474869557,1.0681624520835524,0.9318375479164476
37.492957416915246,-36.26929340435464,1.1167303933954489,0.8832696066045512
37.31054060659051,-36.35074820248321,1.1527680236788957,0.8472319763211045
37.122143770982476,-36.417705455044214,1.1780499189135578,0.8219500810864424
36.927839716851494,-36.462989756540615,1.1925486164104666,0.8074513835895335
36.730668776386565,-36.49377517730645,1.1990843628453316,0.8009156371546684
36.531693818180585,-36.51354280178868,1.2,0.8000000000000002
36.33228602369023,-36.534839996684305,1.1969873909309587,0.8030126090690414
36.134013385417745,-36.54222991463449,1.1903603020889375,0.8096396979110627
35.93476146039435,-36.530189399525135,1.1795760282373162,0.8204239717626839
35.73404687693552,-36.529121853188094,1.166038199947752,0.8339618000522482
35.5348337578302,-36.545370016896634,1.1509859216464642,0.8490140783535359
35.33630815573879,-36.546274069006465,1.1441933190136553,0.8558066809863449
35.136117104445894,-36.54905604906417,1.1406263356642135,0.8593736643357865
34.93737725048731,-36.5746080533707,1.1379344553110706,0.8620655446889295
34.739571778769296,-36.59375057182399,1.1423965291835203,0.8576034708164798
34.541373281103006,-36.62296739853397,1.1499229089912992,0.8500770910087008
34.34594810061824,-36.666588334911374,1.1572807231140358,0.8427192768859643
34.15125863574165,-36.707453778361355,1.1639344440192607,0.8360655559807395
33.956674186321926,-36.752729286411316,1.1701247863835227,0.8298752136164775
33.76475243018727,-36.808294895258186,1.1758093365850344,0.8241906634149656
33.577279864977434,-36.87711093731519,1.1815056132483375,0.8184943867516626
33.394558292992535,-36.95733313124735,1.1873794222393457,0.8126205777606545
33.219008902548225,-37.05269863784596,1.192660016863291,0.8073399831367092
33.05647887006884,-37.169257862984196,1.1959258482395592,0.804074151760441
32.913145081324224,-37.308462283429385,1.1973309854170457,0.8026690145829544
32.789838133171536,-37.465139004606975,1.1984420585526192,0.8015579414473809
32.682608189729216,-37.632956164420854,1.1991201292896874,0.8008798707103129
32.60493017989304,-37.81722536097288,1.2000000000000002,0.8
32.56434843132784,-38.01239716697491,1.1999320819342447,0.8000679180657553
32.5614919053039,-38.211824205903056,1.1994827882108394,0.8005172117891608
32.5958065310256,-38.40818394172565,1.1996462680996922,0.8003537319003079
32.66942656203594,-38.59354377177256,1.1999776439157153,0.8000223560842851
32.782485169222134,-38.757731570758644,1.2000000000000002,0.8
32.92562407645099,-38.89644302528682,1.199957610230319,0.8000423897696811
33.09289154501368,-39.005055958597886,1.1989086493802508,0.8010913506197493
33.27477484086396,-39.086675527333675,1.1938966821475427,0.8061033178524575
33.46539213342318,-39.146729294027594,1.1843703676007296,0.8156296323992706
33.66291026039714,-39.180791477789185,1.1708921698596022,0.8291078301403978
33.86095262980431,-39.197103782171205,1.1531285457533502,0.8468714542466498
34.05912486583281,-39.21931752759744,1.1311041846474594,0.8688958153525408
34.25868109150008,-39.23459319486143,1.1059761257582388,0.8940238742417614
34.45817987847905,-39.24756449391552,1.0771735069286015,0.9228264930713986
34.65815996854656,-39.26690764159656,1.0429584462960877,0.9570415537039123
34.85688737821269,-39.28070532847971,1.0005844065312632,0.9994155934687368
35.05571616539186,-39.29223954466699,0.950712775657677,1.0492872243423232
35.25522247634487,-39.30901737438841,0.8979947974054232,1.1020052025945768
35.45207058735572,-39.3449863536654,0.8476371383791254,1.1523628616208748
35.64507337992111,-39.392593786294384,0.8099653729357025,1.1900346270642976
35.83376052507014,-39.45791182044839,0.8000005711965796,1.1999994288034206
36.010791955065685,-39.54944440526146,0.8195108094286229,1.1804891905713772
36.1767814686416,-39.66075190865696,0.856689767285626,1.1433102327143743
36.32708424310001,-39.79198597158928,0.9047169709108486,1.0952830290891515
36.467186787204,-39.934710962849024,0.9661726108556938,1.0338273891443064
36.58482569266834,-40.0958984885862,1.0252847903084674,0.9747152096915327
36.68166353508649,-40.270536384047645,1.0795082021084683,0.9204917978915317
36.76896017117481,-40.45026386917273,1.1282365431846628,0.8717634568153374
36.84399883442134,-40.635409859482046,1.166086779781882,0.8339132202181182
36.908303721131304,-40.824865913833726,1.1924727131520068,0.8075272868479935
36.9517460125108,-41.0194263857137,1.1995655230874003,0.8004344769126
36.974786080916516,-41.21743910912217,1.187307644227929,0.8126923557720713
36.976647626194335,-41.4172689001783,1.1553734618188143,0.8446265381811859
36.961865047765365,-41.616968258932225,1.110092618039277,0.8899073819607233
36.93575248260602,-41.81491572689317,1.0552512804773135,0.9447487195226867
36.89680376022977,-42.01048934752946,0.9910044304185159,1.0089955695814843
36.83756360389314,-42.201454907315934,0.9154495261303459,1.0845504738696543
36.74827393502991,-42.38076228058172,0.8478483136812904,1.1521516863187098
36.640783569347484,-42.54908740776977,0.8071606081501589,1.1928393918498412
36.513920377860984,-42.70167140324472,0.8,1.2000000000000002
36.366152444315425,-42.83588284836675,0.8238317386945426,1.1761682613054574
36.1975262219494,-42.942685842934054,0.8625352635760879,1.137464736423912
36.016454257229874,-43.026352503346075,0.9094364341748342,1.090563565825166
35.82824369526052,-43.09330057326903,0.9633835390356399,1.0366164609643602
35.63403502463559,-43.139371501344904,1.0181764606143753,0.9818235393856249
35.438078258588334,-43.17695428671718,1.06909016752449,0.9309098324755103
35.24129114835312,-43.215385669890466,1.11552336688974,0.8844766331102604
35.042541831442875,-43.23286254352035,1.1507263787985265,0.8492736212014738
34.84305514294504,-43.24141338008946,1.1762424893955952,0.823757510604405
34.64362231146639,-43.228980570854425,1.1933222362472593,0.806677763752741
34.44471926169397,-43.21352345834744,1.199797731561092,0.8002022684389083
34.24750566816971,-43.18302094773974,1.1970512243362061,0.802948775663794
34.050373216992746,-43.148308135394444,1.1896001207867855,0.8103998792132147
33.85148631975495,-43.130583276474844,1.1973501175243233,0.8026498824756768
33.654041904331336,-43.10053886196504,1.1990109459311902,0.8009890540688099
33.45616723231353,-43.07332205269552,1.1997419758631103,0.80025802413689
33.259986420230035,-43.0362329029806,1.1953268141099145,0.8046731858900859
33.06427833764619,-42.99561641332701,1.1899913695372764,0.8100086304627239
32.86847917845457,-42.95594379561525,1.188643754418111,0.8113562455818891
32.672521601850555,-42.91699641914101,1.1868240186986156,0.8131759813013846
32.47603511079302,-42.880986077382936,1.1888281982570743,0.8111718017429258
32.280321457609396,-42.840942154243194,1.1885069118717664,0.8114930881282337
32.08459563556805,-42.80096827731841,1.1906588579395878,0.8093411420604124
31.889711947828246,-42.75703279405332,1.191300979236912,0.8086990207630881
31.694756087118314,-42.71337747024295,1.1928373002279216,0.8071626997720786
31.49986015969474,-42.669533450904666,1.195485863497491,0.8045141365025094
31.305604846922815,-42.62289021727424,1.1962057405997593,0.8037942594002409
31.1113287887372,-42.57633272455292,1.1979347074557287,0.8020652925442714
30.9173538279395,-42.528569145353764,1.1999996986294335,0.8000003013705668
30.72460989248923,-42.476053795194375,1.1999054872695976,0.8000945127304026
30.532489252043874,-42.42128493327419,1.1998831835891632,0.8001168164108369
30.341009179298158,-42.364321254767844,1.198014258690736,0.8019857413092641
30.148988138161116,-42.309191346751405,1.1976057305903556,0.8023942694096445
29.9576412201356,-42.251780957912956,1.19472044128623,0.80527955871377
29.76641391306705,-42.19391840483265,1.192271221508076,0.8077287784919243
29.576428773630532,-42.132263561127516,1.1890973794203232,0.8109026205796769
29.38884867591283,-42.063566851253796,1.1817640730304553,0.8182359269695451
29.201110789140387,-41.99523900551967,1.1765532615227274,0.8234467384772727
29.014121261019646,-41.92491648480264,1.169139358009959,0.8308606419900411
28.827176861416174,-41.85446112453577,1.1613676700366704,0.8386323299633298
28.640108249914306,-41.78430651736539,1.1535509106086608,0.8464490893913394
28.45390757303335,-41.712011093489956,1.1455732481324923,0.854426751867508
28.27059049515798,-41.63266784667999,1.1338962868850084,0.8661037131149916
28.08835801669422,-41.550738409848236,1.1215119412249397,0.8784880587750606
27.90511311846102,-41.471223876005105,1.1117854309871527,0.8882145690128476
27.724155641254494,-41.38659102974339,1.0982828632404236,0.9017171367595765
27.544750785505894,-41.29864135320046,1.0837911607375215,0.9162088392624786
27.365273940129537,-41.21090436478838,1.0691446158265612,0.930855384173439
27.185513145651953,-41.12387563084229,1.054702715915759,0.9452972840842413
27.006393401241045,-41.035453602164075,1.0404438513914893,0.9595561486085109
26.830918511112547,-40.93973026361388,1.0222604209224508,0.9777395790775494
26.656327067516496,-40.84273754231439,1.004957127993138,0.9950428720068623
26.481070842456976,-40.74704555311096,0.9892770636284646,1.0107229363715355
26.307573849352504,-40.647909537160594,0.972357257765537,1.027642742234463
26.136618889874146,-40.544405245391594,0.9546474247723277,1.0453525752276724
25.966830572463028,-40.439083270487934,0.9371664830076135,1.0628335169923866
25.79706269620719,-40.33385753742869,0.9197482709971219,1.0802517290028781
25.625811585840502,-40.23109958417334,0.9035259007722846,1.0964740992277155
25.453686477652607,-40.129696067037884,0.8886555303631823,1.1113444696368178
25.282873642012962,-40.02607228577369,0.8741382087633446,1.1258617912366555
25.114622826059236,-39.91834830586616,0.8593796333800175,1.1406203666199826
24.947565563176486,-39.808825377846944,0.8459131614106667,1.1540868385893335
24.780497375077804,-39.69929492600126,0.8341888644559126,1.1658111355440877
24.61372681845259,-39.589320310380586,0.8235186816815712,1.176481318318429
24.44697755158336,-39.47941543196121,0.8144869999573745,1.1855130000426257
24.280032057950557,-39.369644228728674,0.8076912892170575,1.1923087107829426
24.114377331656492,-39.258116896264795,0.8020064281166828,1.1979935718833175
23.949215068945676,-39.14573542064623,0.8001234346545002,1.1998765653455
23.787501676524098,-39.0282274386872,0.8009316963893405,1.1990683036106597
23.635565159268065,-38.89846495911866,0.8002513432503152,1.199748656749685
23.487381626642158,-38.76463069492468,0.8032632803576485,1.1967367196423517
23.340758538795466,-38.62900709474183,0.8093071359792555,1.1906928640207446
23.197170245703095,-38.48988384162435,0.8159941015519824,1.1840058984480177
23.056812033546294,-38.34764194445039,0.8231185434427432,1.176881456557257
22.916344046234748,-38.205833274759776,0.8321269193020663,1.1678730806979338
22.774188981473767,-38.065662199040496,0.8422324427275846,1.1577675572724155
22.631141974804237,-37.92620365474687,0.8526217579918031,1.1473782420081973
22.488622152401504,-37.78610853773328,0.8629665610581432,1.137033438941857
22.34738903815962,-37.64466584967473,0.8730551965957688,1.1269448034042315
22.207805717053546,-37.50188073231018,0.8827012228608665,1.1172987771391338
22.068821276761486,-37.35855039805071,0.8922582441330897,1.1077417558669105
21.931118372991083,-37.21359646210064,0.9010014052008862,1.0989985947991139
21.795892415981108,-37.06640929946382,0.9084188179841994,1.0915811820158008
21.662683165936656,-36.917751498334056,0.9147532352480778,1.0852467647519224
21.53040265219634,-36.76813777016409,0.9202506159404393,1.0797493840595607
21.400048300747127,-36.61649399280045,0.9243748604879841,1.075625139512016
21.27255351879185,-36.46261442888139,0.9270065983612594,1.0729934016387408
21.146714619349133,-36.3077229997594,0.9287467391093394,1.0712532608906609
21.02137139265745,-36.15226543237335,0.9298707479981849,1.0701292520018153
20.89776311471069,-35.99503564381323,0.9298834094673722,1.070116590532628
20.777277414425512,-35.83567402129487,0.9286173911519894,1.0713826088480107
20.658229722001934,-35.67548462847058,0.9268622962833634,1.0731377037166367
20.54013394254787,-35.51416656771262,0.9244986664662543,1.0755013335337458
20.42486947230441,-35.35099163758862,0.921017878714838,1.0789821212851622
20.31050314662016,-35.18747543280286,0.9173536449765853,1.0826463550234149
20.19723333216892,-35.0227512623184,0.913315781295311,1.086684218704689
20.08799618739708,-34.85521988973025,0.9082042213201693,1.091795778679831
19.982018271589332,-34.68601176476193,0.9025420929494531,1.097457907050547
19.876203929748822,-34.516756804803336,0.8969619983162839,1.1030380016837162
19.771029463619627,-34.34677724970693,0.89105687982883,1.1089431201711701
19.667897214832468,-34.175646267966336,0.8846018650813416,1.1153981349186586
19.56541874883514,-34.00445754118003,0.8783044701703707,1.1216955298296294
19.46276215340191,-33.83297050119239,0.8723847002899328,1.1276152997100675
19.36570674808313,-33.65790160194007,0.865491446686704,1.1345085533132961
19.27424792304038,-33.48069450355704,0.8583032533380314,1.1416967466619687
19.17857739494758,-33.30546802759733,0.8526137397852576,1.1473862602147427
19.08809914821823,-33.12695436967954,0.8458086874975537,1.1541913125024466
19.00030775783266,-32.94800173179338,0.8394522015364874,1.1605477984635129
18.909532140876767,-32.77006821852159,0.8345365024048805,1.1654634975951197
18.827042114461328,-32.58744518079197,0.8283271156147594,1.1716728843852409
18.748767142280414,-32.40388034316985,0.8223326814332763,1.177667318566724
18.66552987613462,-32.22312091504603,0.8182589739187158,1.1817410260812844
18.579456202256825,-32.042494640951325,0.8151713516508151,1.184828648349185
18.504136314362228,-31.85703477571545,0.8111354379320026,1.1888645620679976
18.434165860958494,-31.669691429880164,0.8076432367334749,1.1923567632665253
18.36559169181062,-31.482193819531076,0.8046873503615869,1.1953126496384132
18.292715831045143,-31.297241307703768,0.8031207794892731,1.196879220510727
18.21358171193357,-31.11348515390442,0.8027597612678826,1.1972402387321175
18.14330193667501,-30.92590443729336,0.8011122895571695,1.1988877104428306
18.075991358471235,-30.738106592385872,0.8003132190861303,1.1996867809138698
18.00991881120387,-30.54965821638192,0.8001882303197465,1.1998117696802537
17.94682419932666,-30.360083570503765,0.8002853954140128,1.1997146045859874
17.887635675741798,-30.169095503871425,0.8003149128211613,1.199685087178839
17.83301603049346,-29.976851676594677,0.800087778823719,1.1999122211762812
17.777958011280734,-29.78525771225148,0.800765254009471,1.1992347459905293
17.72216343708561,-29.59337597904623,0.8018122713183089,1.1981877286816913
17.671897569882645,-29.3995175720184,0.8018052069161389,1.1981947930838612
17.62440102584733,-29.205877818066075,0.8021255028458655,1.1978744971541346
17.573872697010277,-29.01310448347062,0.8037170256535477,1.1962829743464525
17.52739363392052,-28.81806997323493,0.804380975371957,1.1956190246280431
17.48855956153132,-28.621545880571247,0.80396411978761,1.1960358802123903
17.44834474114708,-28.426895675948483,0.8046147718235923,1.195385228176408
17.40235592692847,-28.23304356852772,0.8062830009612608,1.1937169990387393
17.359339618162398,-28.03694589292371,0.8068710508779201,1.19312894912208
17.32368095468279,-27.84015230100333,0.8066157701390482,1.193384229860952
17.286932209899494,-27.644762976310485,0.8075717557498427,1.1924282442501575
17.250038277166187,-27.44779682120507,0.808293218738888,1.1917067812611122
17.219144412570007,-27.250141350440074,0.8081986351101488,1.1918013648898513
17.18568056126012,-27.05381400927066,0.8089350075041435,1.1910649924958567
17.152528998328535,-26.856755607811465,0.8095025805628031,1.1904974194371971
17.118868511754982,-26.659606039648633,0.810148567508224,1.1898514324917762
17.08744041715132,-26.46264567409308,0.8106913476033624,1.1893086523966379
17.05396241890173,-26.265439065076794,0.8116539876599856,1.1883460123400145
17.025234852131042,-26.067167709789057,0.8116131779174315,1.1883868220825686
16.992931945409904,-25.87180104935218,0.8128659005551875,1.1871340994448127
16.957774460106425,-25.673833658552827,0.8132875571562779,1.1867124428437223
16.931604648450513,-25.475882343347084,0.8124704776657531,1.187529522334247
16.89760215671927,-25.279857706487146,0.8127604384658305,1.1872395615341698
16.870667478400655,-25.080788000128422,0.8115046731885096,1.1884953268114906
16.841556432022976,-24.883749625682565,0.8110113793926123,1.1889886206073879
16.811422498960678,-24.686743628372664,0.8102970581735578,1.1897029418264422
16.777096693785253,-24.4903221772525,0.8104659890162862,1.189534010983714
16.746528510670174,-24.29154123425164,0.8094741414687424,1.1905258585312577
16.722049560547077,-24.09382719057712,0.8081641835888735,1.1918358164111265
16.688928598174954,-23.897577274901842,0.8076164617683123,1.1923835382316879
16.659826828288775,-23.699198157939048,0.806199283826302,1.193800716173698
16.62935227189623,-23.502035049289802,0.8052589175690064,1.1947410824309939
16.59940300091307,-23.304668005406135,0.8043085298415662,1.195691470158434
16.568836223812728,-23.106928104067112,0.8035348549715613,1.196465145028439
16.541562812767523,-22.908865588958612,0.8024315202267798,1.1975684797732205
16.51053285711007,-22.712426823503563,0.8020054341081224,1.1979945658918778
16.476279417792643,-22.515249574735194,0.8016746858589084,1.1983253141410917
16.450946641316357,-22.316103833374378,0.8005548631941576,1.1994451368058425
16.424827333065995,-22.119101157201374,0.8,1.2000000000000002
16.38830192013997,-21.92297483078902,0.8008429631756424,1.1991570368243578
16.353038091868857,-21.725722696592776,0.8044341597545905,1.1955658402454097
16.313493137001362,-21.530181598447054,0.8144471350506463,1.1855528649493539
16.264665109587877,-21.33649296744346,0.8335985897008682,1.166401410299132
16.207483052109783,-21.145030904836926,0.863044450453051,1.1369555495469492
16.137316495958647,-20.957720321636334,0.9021963168989364,1.0978036831010638
16.060171087948298,-20.77312219728761,0.9495810748820068,1.0504189251179934
15.974833129858117,-20.59310448881638,1.004536746889107,0.9954632531108931
15.882660804488141,-20.416181216589806,1.0616345834007062,0.938365416599294
15.772791936454258,-20.24864819671313,1.1107677204476334,0.8892322795523667
15.642955079562936,-20.09586566403429,1.1506335892848014,0.8493664107151988
15.500931620807014,-19.95622977355809,1.1819002401915046,0.8180997598084954
15.347744410737173,-19.829570057439987,1.1984067124417652,0.8015932875582349
15.18667444522653,-19.712059611660624,1.183804505849793,0.8161954941502072
15.021452616171747,-19.59922694209868,1.1195217805393591,0.8804782194606411
14.846472347796409,-19.502475116664773,1.0278145715934168,0.9721854284065832
14.680281406408284,-19.390942872525844,0.9201210739421002,1.0798789260579
14.521478453580809,-19.269876423093194,0.8026888365551567,1.1973111634448435
14.382079216706286,-19.130623921758993,0.8860563864369102,1.11394361356309
14.243577735553204,-18.9846101708053,0.9813680019667552,1.0186319980332448
14.128190929459747,-18.8228610605842,1.0619517947750914,0.9380482052249088
14.024910415025849,-18.649515084025094,1.1273565723780186,0.8726434276219817
13.947865002678126,-18.46556497537798,1.1723776439145728,0.8276223560854274
13.900310686976152,-18.272118938548214,1.1946284295523264,0.8053715704476738
13.875555054395107,-18.074056030690393,1.1961446337524013,0.8038553662475989
13.875442007239188,-17.87439723630293,1.1737379235926404,0.8262620764073597
13.889918627447814,-17.67488405242785,1.1351203679197197,0.8648796320802804
13.91047288898703,-17.476382000513265,1.0851075221839417,0.9148924778160583
13.943736129921485,-17.279396323201162,1.0258220843601602,0.9741779156398399
13.969156901787379,-17.08104176065601,0.9734127881016208,1.0265872118983794
14.000554204893701,-16.884048386849088,0.9350705241427542,1.064929475857246
14.049970473712294,-16.69073459882373,0.9195838257054417,1.0804161742945584
14.10909989209254,-16.499610133511123,0.925732539396021,1.0742674606039793
14.147357561551175,-16.303956557984197,0.9604942844095529,1.0395057155904472
14.176331497852152,-16.105950288861756,1.0083230384632789,0.9916769615367212
14.20923705828432,-15.909097439605832,1.0601687639962587,0.9398312360037414
14.251536864084345,-15.713849443210316,1.108711038777987,0.8912889612220131
14.286588148402082,-15.51710916996374,1.1552753830405553,0.8447246169594448
14.318338226608182,-15.319897942003186,1.186701773041618,0.8132982269583822
14.341333365561606,-15.121251585211587,1.2000000000000002,0.8
14.356387999375839,-14.922415594367465,1.1960256996858454,0.8039743003141546
14.37908579082684,-14.724280015181405,1.1669397493822458,0.8330602506177545
14.3901592900211,-14.523579205813169,1.1289100374497927,0.8710899625502075
14.395621815495755,-14.325282392653916,1.0858649484312437,0.9141350515687566
14.41646452965281,-14.127124276914254,1.0343755256636136,0.9656244743363867
14.43137012214964,-13.926940436486447,0.9903438362538879,1.0096561637461123
14.444885025721403,-13.727862562401244,0.9488419826779395,1.0511580173220607
14.454843826748503,-13.528053896454972,0.9124777360040315,1.0875222639959687
14.459203100119844,-13.328275465766907,0.882031693146688,1.1179683068533122
14.456917364529284,-13.12859470646003,0.8582826746965104,1.1417173253034898
14.44766449528533,-12.929098340046325,0.8406888439103422,1.159311156089658
14.435189060368725,-12.729762851770287,0.8280043742224459,1.1719956257775543
14.418969668588874,-12.530542716047076,0.8187717288439224,1.181228271156078
14.401401781070911,-12.331490775538823,0.8092363788946547,1.1907636211053454
14.378763377781315,-12.133131477204177,0.8031203735105658,1.1968796264894346
14.355215733216516,-11.934974114655851,0.8006260525922811,1.199373947407719
14.324012718236892,-11.737556571591048,0.8019726105035114,1.1980273894964886
14.29840903270579,-11.539298766217666,0.8003882866253705,1.1996117133746296
14.271078070444476,-11.34143223115906,0.801285394502125,1.1987146054978752
14.246991199766482,-11.143151480503874,0.8005742111746516,1.1994257888253486
14.21994719853377,-10.945155058424106,0.8020727364565765,1.1979272635434237
14.196054174499336,-10.746888782439454,0.8008547469018997,1.1991452530981004
14.167613577115981,-10.549321533714542,0.8023260199601974,1.1976739800398026
14.140559981236173,-10.351047595312213,0.8022650304687816,1.1977349695312185
14.115601094488564,-10.153094124305033,0.8010930527605048,1.1989069472394953
14.086140884165848,-9.955367381609948,0.8021636046123782,1.1978363953876219
14.059946471754088,-9.75733022722623,0.8003567335462645,1.1996432664537358
14.027961243839568,-9.560395022521757,0.8010553391308037,1.1989446608691965
13.995587767284999,-9.363073143168258,0.8007006533922606,1.1992993466077395
13.962153137063966,-9.166113551394691,0.8006008363359084,1.1993991636640917
13.928671983683373,-8.969240084582148,0.800114385578736,1.1998856144212642
13.8936281554271,-8.772553040842595,0.8007154837698666,1.1992845162301338
13.859589058241406,-8.575459912437143,0.8011463597808202,1.19885364021918
13.827989693872867,-8.378425851854905,0.8007685935134569,1.1992314064865432
13.789379560029422,-8.182552798654411,0.8045915223067641,1.195408477693236
13.74898453822928,-7.986696075214282,0.8102830239245614,1.1897169760754387
13.707520667569247,-7.791301973974523,0.8188679162664746,1.1811320837335255
13.660795982929915,-7.597165605665195,0.8334875051146141,1.166512494885386
13.607309290778653,-7.4046487791503655,0.8545508048236385,1.1454491951763617
13.548171842507454,-7.213770311025524,0.8818427807627032,1.118157219237297
13.483124589727716,-7.024804041966812,0.9147439269962264,1.0852560730037737
13.41643782837087,-6.836569501076034,0.950614239075797,1.0493857609242032
13.344520767790213,-6.650167479635238,0.989744896249596,1.0102551037504042
13.26832967454287,-6.465549702154603,1.03007710552949,0.96992289447051
13.183994515604759,-6.284543810576071,1.0713160616577073,0.9286839383422929
13.09631733113474,-6.105046531059424,1.1078820785103276,0.8921179214896727
12.993072890269143,-5.933906370213377,1.1427302586021983,0.8572697413978019
12.87756098552803,-5.77078547631197,1.1714720417903546,0.8285279582096456
12.754019505976464,-5.6138438705485685,1.1911271172533555,0.8088728827466447
12.622882522418676,-5.463497712635322,1.2000000000000002,0.8
12.486103031340212,-5.318413945689067,1.1956276006701092,0.8043723993298909
12.341570523191352,-5.180374449550991,1.1793151758992195,0.8206848241007808
12.185460502097941,-5.055461962976225,1.1554810551974057,0.8445189448025945
12.019523477760313,-4.944041383871872,1.1260776786729692,0.8739223213270311
11.847802254156703,-4.842124858905868,1.0919216650525123,0.9080783349474877
11.672279880266796,-4.747145666173536,1.0549856746334632,0.9450143253665368
11.493410226562263,-4.657986801704142,1.0173650379607455,0.9826349620392547
11.312001476312124,-4.574829732951285,0.9811339210737887,1.0188660789262114
11.130059144478347,-4.493021076544667,0.945283156985641,1.0547168430143592
10.945840549652324,-4.414543816035816,0.911567145211073,1.0884328547889273
10.758100398664284,-4.346093807387995,0.8833646552438033,1.116635344756197
10.568274798431073,-4.284063465042348,0.8593034460175167,1.1406965539824836
10.376891151958512,-4.226268942116919,0.839085670904854,1.1609143290951462
10.18333644601282,-4.177045442894227,0.8246196357015207,1.1753803642984795
9.988381406846441,-4.13351791759204,0.8137657481809275,1.1862342518190727
9.79215139148567,-4.097140336069838,0.8069186529923668,1.1930813470076334
9.594788225930747,-4.065622462879295,0.8028163104099115,1.1971836895900887
9.397400420955657,-4.034943703943634,0.8002396557113488,1.1997603442886513
9.199602583347438,-4.0070447065352095,0.8008356196755447,1.1991643803244556
9.001889046968138,-3.977218432328161,0.8006762463771324,1.1993237536228678
8.803449900536421,-3.953737340267727,0.8009030384317787,1.1990969615682214
8.605008473349677,-3.9322668603402846,0.8030432283064128,1.1969567716935874
8.406454518797918,-3.9191250127495545,0.8128933583531472,1.187106641646853
8.205980390733936,-3.918582410914468,0.8291757593778767,1.1708242406221236
8.006594641646515,-3.9089799298319345,0.8423661046481665,1.1576338953518337
7.80722774064276,-3.9126698751784814,0.8622940419207937,1.1377059580792064
7.607683628256568,-3.9292572410818014,0.8885540263347126,1.1114459736652875
7.40871524662425,-3.934566404722051,0.9140623930322642,1.085937606967736
7.209206206441235,-3.95063699996343,0.947177067266199,1.0528229327338012
7.012382112503077,-3.9873629544374283,0.9905056738977116,1.0094943261022884
6.816299208929406,-4.022778350239133,1.0426671455231302,0.95733285447687
6.620046004932228,-4.062612921012661,1.1038996984556193,0.8961003015443809
6.42582835390001,-4.106204107580786,1.156855301928371,0.8431446980716292
6.230424437153916,-4.147092672019242,1.1889148142776689,0.8110851857223313
6.037284782816823,-4.198555826976177,1.1984294117319947,0.8015705882680056
5.84554390573178,-4.25233492961123,1.1759021971629735,0.8240978028370267
5.651832513559478,-4.302278399224242,1.1184858570247047,0.8815141429752953
5.4607511441504775,-4.360746122824737,1.0358114603940671,0.9641885396059329
5.272648086449657,-4.429783702954696,0.9455426027468096,1.0544573972531905
5.085151867240169,-4.497929705916838,0.869613255639518,1.1303867443604823
4.895299036574349,-4.560436185335253,0.8214825975833622,1.178517402416638
4.703482876913393,-4.618766206434184,0.8022191102196892,1.197780889780311
4.5132019769783955,-4.678049940100195,0.8109202595327739,1.1890797404672262
4.322735481125534,-4.7401679193381145,0.8404735381992828,1.1595264618007173
4.134781072554594,-4.805628110625775,0.8829995064368,1.1170004935632
3.953706307824951,-4.884894718591987,0.9354730717441347,1.0645269282558654
3.7715655389189107,-4.969936343620021,0.9889696544126473,1.0110303455873528
3.5856379976091306,-5.045226914141115,1.0359740667649089,0.9640259332350913
3.3993197306357184,-5.116657137525883,1.080165958794582,0.9198340412054182
3.2105913453150245,-5.182397236642834,1.1177481871011241,0.8822518128988761
3.0196650858861087,-5.241195377623081,1.1480036942836924,0.8519963057163079
2.827344900362016,-5.295382077527039,1.1722492510329499,0.8277507489670504
2.6327954357848,-5.339973333096657,1.188013555050551,0.8119864449494489
2.4367000829748893,-5.377928266713065,1.1971888771380066,0.8028111228619934
2.239418883200277,-5.409282016800537,1.1991359271697117,0.8008640728302884
2.041152634198529,-5.4346312123991165,1.1943718628761784,0.805628137123822
1.84255907581042,-5.453603385505355,1.1827435701150417,0.8172564298849585
1.6429204587403325,-5.460563724279697,1.1610782787784582,0.8389217212215421
1.4430204658449786,-5.461546110074032,1.1323922896566283,0.8676077103433718
1.2434554088122367,-5.45919298756545,1.0980759489925125,0.9019240510074876
1.0436212741905504,-5.444526038370306,1.0546209505196027,0.9453790494803975
0.8448860362164408,-5.426687383522089,1.008047003100486,0.9919529968995142
0.6452237403578851,-5.409145622930883,0.9598582950435317,1.0401417049564683
0.4475789369900581,-5.384253329188221,0.9046815510419594,1.0953184489580408
0.24951928562234812,-5.373052456447004,0.8585599674723317,1.1414400325276683
0.04926452356004438,-5.358337752508355,0.8248959968252879,1.1751040031747122
-0.1477964291315845,-5.325998394671451,0.8046419308608683,1.195358069139132
-0.34443658389605314,-5.290560631658781,0.8,1.2000000000000002
-0.5393815732512859,-5.246894152299536,0.8052291002652163,1.1947708997347837
-0.7342915418026132,-5.206491079209402,0.8255348634022803,1.17446513659772
-0.9313027939812277,-5.1725283759753236,0.8580933748301647,1.1419066251698355
-1.128297025182144,-5.1364713429687106,0.8972338275068239,1.1027661724931763
-1.3235562667485568,-5.0945318951986645,0.9399769184787163,1.0600230815212837
-1.518571308169863,-5.050219189727708,0.9861774096035583,1.013822590396442
-1.7133586559606566,-5.0058405714774725,1.0353097688786894,0.9646902311213108
-1.9061457079916275,-4.955512379539177,1.081302499713395,0.9186975002866052
-2.099003886154153,-4.902776392881722,1.1206145514337105,0.8793854485662898
-2.2943321358194684,-4.860133189852952,1.15431977747635,0.84568022252365
-2.492040365995796,-4.831510608675618,1.1801767248298316,0.8198232751701686
-2.6905987322063543,-4.809543311208204,1.1933957528720214,0.806604247127979
-2.890326344805156,-4.799450038019926,1.199127760035056,0.8008722399649443
-3.0895699129786367,-4.7960904089171095,1.2000000000000002,0.8
-3.2892400680960163,-4.795754936051212,1.1951490514833891,0.804850948516611
-3.488366596403116,-4.8143176007253,1.1924107158159913,0.8075892841840088
-3.6858282683763925,-4.843794723077277,1.1890360982843104,0.8109639017156897
-3.882231030215003,-4.880229097547336,1.183019573795954,0.8169804262040463
-4.075767540358418,-4.929669647274755,1.1791827058401914,0.8208172941598089
-4.268076551283335,-4.983492005602018,1.1735150625055746,0.8264849374944256
-4.457166184819929,-5.048065548651777,1.167639426215581,0.8323605737844193
-4.6413298761234785,-5.125252358420904,1.1630590232352114,0.8369409767647887
-4.821603511913977,-5.211580836941814,1.1568750741996086,0.8431249258003916
-4.994289798477982,-5.312473263879985,1.1527044166289122,0.8472955833710878
-5.1635315534319695,-5.4177535007048965,1.148862520223391,0.851137479776609
-5.332026758956389,-5.5248615878617695,1.1441353104254917,0.8558646895745085
-5.497181230889844,-5.638126865705335,1.1404053880801293,0.8595946119198707
-5.657265538971583,-5.757234874843341,1.1380939285298362,0.8619060714701641
-5.815306357445156,-5.878417857898437,1.1355705861059937,0.8644294138940064
-5.970739588982731,-6.005016188309204,1.1330042628376187,0.8669957371623815
-6.119427770436555,-6.138997697721073,1.1323864900735645,0.8676135099264357
-6.264498058524105,-6.275476372309173,1.1321590809323407,0.8678409190676594
-6.408162082906445,-6.414075390294131,1.131846720750223,0.868153279249777
-6.549356711965599,-6.555404546154376,1.1321134717028474,0.8678865282971527
-6.68741503174096,-6.699739014206028,1.1327625320000565,0.8672374679999436
-6.821338245844991,-6.848023484631753,1.1337837153083639,0.8662162846916365
-6.949993376389776,-7.00109434569756,1.135312872488282,0.8646871275117183
-7.07231484632286,-7.159278163118809,1.1377880552982405,0.8622119447017597
-7.189204666328556,-7.3210445055761015,1.1407222951770777,0.8592777048229224
-7.302064581133247,-7.485644097336598,1.1435410931927275,0.8564589068072728
-7.410072038700037,-7.654317336626739,1.1472160668299876,0.8527839331700127
-7.512649007827236,-7.826291128212198,1.1527038144678903,0.8472961855321097
-7.614356514761707,-7.997401183492088,1.1586157941978212,0.8413842058021789
-7.719204122483996,-8.166910165228089,1.1641203084988287,0.8358796915011715
-7.8246795503562705,-8.336793924710808,1.1702593409196478,0.8297406590803524
-7.928776548700571,-8.507303793157039,1.1766637070893502,0.8233362929106499
-8.030899690059291,-8.679043163097623,1.182316130972319,0.8176838690276812
-8.128690526825244,-8.85365710108433,1.1884046905405183,0.8115953094594819
-8.22238212000458,-9.029989325541477,1.1955968482126855,0.8044031517873147
-8.318434566700253,-9.204701419841248,1.1995952471664033,0.800404752833597
-8.415258277635862,-9.379606593653515,1.2000000000000002,0.8
-8.506956599287092,-9.557358808641034,1.1983395344647274,0.8016604655352728
-8.5971155949381,-9.735490501045632,1.189737847956767,0.810262152043233
-8.694313173627423,-9.90988868842128,1.1676116549132407,0.8323883450867594
-8.798231935628705,-10.080689609974591,1.1324522073475758,0.8675477926524244
-8.902948909652515,-10.25077138711861,1.0897613928610308,0.9102386071389694
-9.012289263063652,-10.41799682948211,1.0409645416265345,0.9590354583734655
-9.133984103479024,-10.576336409485776,0.9865553250034267,1.0134446749965735
-9.271348348519384,-10.721356279056433,0.9305001591158272,1.069499840884173
-9.42134186181572,-10.853282955271409,0.8811634336829246,1.1188365663170754
-9.5874448559109,-10.964745958833586,0.8403994144029666,1.1596005855970335
-9.765262334297141,-11.055212785456746,0.8110867251351057,1.1889132748648945
-9.949064805268234,-11.132270912892583,0.8003296092739317,1.1996703907260686
-10.143917926900425,-11.175185217316455,0.8039394696345401,1.1960605303654601
-10.343157690211699,-11.180951018391788,0.8099073832537439,1.1900926167462562
-10.538004015208125,-11.139824308566629,0.8011902600078962,1.198809739992104
-10.717972900613018,-11.056059448259312,0.8155285634626434,1.1844714365373568
-10.880992378399888,-10.941301405007728,0.8535016424249551,1.146498357575045
-11.0229577634927,-10.7999760299813,0.8997233358459777,1.1002766641540225
-11.141079212734475,-10.638781385958737,0.9497460873889652,1.0502539126110348
-11.235950768420546,-10.463179890444003,1.0041372281304621,0.9958627718695381
-11.301493191175817,-10.274385602790199,1.0534526306373357,0.9465473693626644
-11.35152498988642,-10.081194020906658,1.098791700729167,0.9012082992708332
-11.402243606529026,-9.888002255364583,1.140818084804226,0.8591819151957742
-11.44131447884542,-9.691962677833494,1.1695084595554945,0.8304915404445057
-11.469255590416429,-9.493758622572086,1.18631920526695,0.8136807947330502
-11.493277474606419,-9.295499017239331,1.1968263536603652,0.8031736463396351
-11.501169274650115,-9.09697606310165,1.1976604678218028,0.8023395321781973
-11.50605570181709,-8.896397474323091,1.1968397411421154,0.8031602588578848
-11.518781822628622,-8.696713571113037,1.1995169043330844,0.8004830956669156
-11.522614209292964,-8.498029688822237,1.1986556306815759,0.8013443693184245
-11.522363491852957,-8.297876020952163,1.197683158899272,0.8023168411007281
-11.524896480870842,-8.09793408878474,1.1991185281108598,0.8008814718891402
-11.525206258254837,-7.898636712484113,1.1996583209284997,0.8003416790715006
-11.523451814316145,-7.69873757502139,1.19846910322142,0.8015308967785801
-11.52903285949502,-7.498709231722863,1.1986274308768798,0.8013725691231203
-11.541293867472927,-7.29932991456239,1.1992893516691407,0.8007106483308595
-11.552595814168942,-7.09986794831824,1.1985588463039012,0.801441153696099
-11.564966324834813,-6.900448227229733,1.1991830426694101,0.80081695733059
-11.5726899420838,-6.701324442016869,1.1995360824528105,0.8004639175471897
-11.575059449954512,-6.501527468888311,1.1994842713195637,0.8005157286804363
-11.57716462620395,-6.301514452701988,1.1999972736155882,0.8000027263844119
-11.57619807453075,-6.101791837938606,1.198040836217925,0.8019591637820753
-11.568524381410569,-5.90227573655414,1.1903564014956975,0.8096435985043027
-11.551005748176946,-5.703302001684523,1.1743969574998712,0.8256030425001292
-11.524346624400808,-5.505104046940605,1.150663916485637,0.8493360835143632
-11.48922268211724,-5.308506555878419,1.119822038523444,0.8801779614765561
-11.444301415870692,-5.113839573069937,1.0776774853882731,0.922322514611727
-11.386555858312036,-4.922458584159611,1.0176170607471606,0.9823829392528396
-11.304572345532469,-4.741001855286577,0.9475510792558697,1.0524489207441305
-11.198245743035569,-4.571019354302791,0.8898761786196674,1.1101238213803328
-11.07361317970733,-4.414137797374724,0.8402123115879709,1.1597876884120293
-10.929424293825724,-4.276479654450335,0.8073028329882918,1.1926971670117084
-10.7766544958227,-4.151899308236514,0.8090801263457098,1.1909198736542903
-10.612912717999205,-4.037170624266088,0.8450016027104461,1.1549983972895541
-10.436563117304626,-3.9430458070577954,0.9009047175030543,1.0990952824969458
-10.2525028844895,-3.861935629204772,0.9620786280102187,1.0379213719897815
-10.064231050118742,-3.7960348799062236,1.022771113270807,0.977228886729193
-9.87024704137298,-3.75097103522904,1.079093199662738,0.9209068003372622
-9.674169166123365,-3.70240064826264,1.1283736438959338,0.8716263561040664
-9.483181167117854,-3.6505841198298556,1.1698544670670283,0.8301455329329718
-9.287837421784388,-3.617972171549216,1.1941400259698058,0.8058599740301944
-9.090761374997253,-3.5744271127748113,1.1783944132788664,0.8216055867211338
-8.90172258210276,-3.5087422256652743,1.1284550539597966,0.8715449460402036
-8.715059580601851,-3.444829849851606,1.1073380263379455,0.8926619736620548
-8.523202882195319,-3.3860163191505848,1.10494002557909,0.8950599744209101
-8.338620419564368,-3.3079832290947038,1.0792631425267054,0.9207368574732948
-8.163220169410684,-3.212747545758456,1.03554509969393,0.9644549003060704
-7.987222565031308,-3.118872710846907,0.987439329678824,1.0125606703211762
-7.8108804197334445,-3.0252745410961817,0.941398563077677,1.0586014369223231
-7.635462864032467,-2.929415142372791,0.8999453966513032,1.1000546033486969
-7.460784510025622,-2.832175909987994,0.8651055930175996,1.1348944069824005
-7.28778569412811,-2.731991608947756,0.8384235394678532,1.161576460532147
-7.117634177313619,-2.6275091623274465,0.8200031168312549,1.1799968831687453
-6.949815193091358,-2.5192767150406934,0.8087036968489247,1.1912963031510755
-6.782286712965087,-2.410300969875174,0.8027523393166289,1.197247660683371
-6.614573391512246,-2.3016854994951728,0.8004065488738309,1.1995934511261692
-6.446813720506434,-2.193526668639931,0.8,1.2000000000000002
-6.278712058322678,-2.0858162634220077,0.8003962642335405,1.1996037357664597
-6.107685959860153,-1.9822882698292341,0.8010735657882191,1.1989264342117811
-5.93280432485154,-1.8852364097435859,0.8021453491484096,1.1978546508515904
-5.7567261921931925,-1.7911896935528413,0.8042018719512414,1.1957981280487586
-5.581650968805781,-1.6955641939734347,0.807447527291828,1.1925524727081722
-5.405493929810891,-1.6011649620177804,0.8114107785065614,1.1885892214934386
-5.225884274251482,-1.513014814756321,0.8154158217670463,1.1845841782329538
-5.044676225061801,-1.4295551830658693,0.8205807654917076,1.1794192345082926
-4.864875971409039,-1.342570422896621,0.8274479265422445,1.1725520734577557
-4.67960738151652,-1.266980709065934,0.8324058852411231,1.167594114758877
-4.495200948026866,-1.1913105088698561,0.8403261987333325,1.1596738012666676
-4.312177474617201,-1.1112874496710428,0.8490693298295199,1.1509306701704802
-4.122374363486208,-1.0481615143498964,0.8551664858292096,1.1448335141707906
-3.932623956552441,-0.9860149042811979,0.8636993897190653,1.1363006102809348
-3.741060576537928,-0.9294783059830624,0.8712208633278717,1.1287791366721285
-3.549645310455013,-0.8726621052216367,0.8796717816813745,1.1203282183186256
-3.35621838446123,-0.8214643611633363,0.8865952180336911,1.113404781966309
-3.1630509912892424,-0.7713697642284114,0.8937925681805572,1.106207431819443
-2.9705419883435416,-0.7190002821845718,0.9006504945978719,1.0993495054021283
-2.7762506990786457,-0.6703532813113506,0.9059711971994016,1.0940288028005987
-2.5819759412312577,-0.6245592133433879,0.9104286776088406,1.0895713223911596
-2.389440663688026,-0.572812727310612,0.9147469642312465,1.0852530357687538
-2.19541960520426,-0.5240702269077836,0.9169912978838644,1.0830087021161359
-2.000330443429027,-0.48056847410480685,0.9179583009381627,1.0820416990618376
-1.8054613726097264,-0.4374118909046937,0.9180505160196055,1.0819494839803947
-1.6098681202508711,-0.396583759182656,0.9165834792596133,1.083416520740387
-1.4133403680845478,-0.36018182939684185,0.9134969907009687,1.0865030092990313
-1.216431358774888,-0.3264179464508239,0.9087967202302121,1.0912032797697881
-1.0194838506123556,-0.2937071533975187,0.9024000896912764,1.0975999103087237
-0.8222930651886038,-0.2614507599419473,0.8941557875705775,1.1058442124294228
-0.6241687425887197,-0.23435531231459192,0.8837299914263862,1.116270008573614
-0.4268123576203379,-0.20482418853073467,0.8721198147406172,1.127880185259383
-0.22933047832990042,-0.17509981837543806,0.8650951411274771,1.134904858872523
-0.03096340383437499,-0.14880129709262763,0.8578653340204115,1.1421346659795888
