0.000000000000000000e+00,4.554045471528163636e-01,4.484473492039174891e-01,-1.572334046970634835e+00,-8.512082568294219867e-04
1.999011837411887871e-01,6.553262910677418729e-01,4.477637837611523897e-01,-1.572448906238746114e+00,-2.841759025682630301e-04
3.998023674823775742e-01,8.551916631583402761e-01,4.471837274184924382e-01,-1.572547333797072344e+00,1.087388207339469180e-05
5.997035512235663335e-01,1.055110722456148453e+00,4.466674675951377016e-01,-1.572652779475103957e+00,1.402210838306927382e-04
7.996047349647551483e-01,1.255003964629507696e+00,4.462108717859450957e-01,-1.572702031130348788e+00,2.166507310771835265e-04
9.995059187059439632e-01,1.454907399654234101e+00,4.458107648753719676e-01,-1.572658210894107400e+00,2.867572729403639466e-04
1.199407102447132667e+00,1.654807400344324941e+00,4.454715308222492176e-01,-1.572345548669309867e+00,4.085718812739167860e-04
1.399308286188321482e+00,1.854708712613180044e+00,4.451938446188466458e-01,-1.572056183328097934e+00,5.091037345480463111e-04
1.599209469929510297e+00,2.054609667040116605e+00,4.449819277157160968e-01,-1.571775710526861713e+00,5.915896592115740035e-04
1.799110653670699111e+00,2.254510830661748066e+00,4.448183221894685402e-01,-1.571510010680253311e+00,6.639584472748032151e-04
1.999011837411887926e+00,2.454412024233763479e+00,4.447254246673125189e-01,-1.571241201404841803e+00,7.223904485292069943e-04
2.198913021153076741e+00,2.654313108145650801e+00,4.446669071798783346e-01,-1.570995937321044922e+00,7.762869316672807050e-04
2.398814204894265334e+00,2.854214405881669858e+00,4.446652442235763392e-01,-1.570757291002663925e+00,8.167396197933476411e-04
2.598715388635454371e+00,3.054115482327167896e+00,4.447096742272321213e-01,-1.570541440846459968e+00,8.345857936165196073e-04
2.798616572376642964e+00,3.254016697684645187e+00,4.447842083695193738e-01,-1.570338118705454145e+00,7.334582360653750218e-04
2.998517756117832000e+00,3.453917894735469396e+00,4.449214558024273680e-01,-1.570151299715800475e+00,3.718524800392865770e-04
3.198418939859020593e+00,3.653818910229265970e+00,4.450725070776846426e-01,-1.569977628227092081e+00,-4.387120850816521832e-04
3.398320123600209186e+00,3.853720125392033680e+00,4.452718776130659695e-01,-1.569818967393581177e+00,-1.786749257903969251e-03
3.598221307341398223e+00,4.053621052669059033e+00,4.454914476397115464e-01,-1.569679883669592879e+00,-3.812247946043914593e-03
3.798122491082586816e+00,4.253522153230719915e+00,4.457342854124601850e-01,-1.569549035361180067e+00,-6.663691715484605822e-03
3.998023674823775853e+00,4.453423183464189528e+00,4.460148411752562492e-01,-1.569445912854948499e+00,-1.048929113741815279e-02
4.197924858564964445e+00,4.653324093996999089e+00,4.463034949766707671e-01,-1.569345292707484019e+00,-1.538834316251333836e-02
4.397826042306153482e+00,4.853225081762028381e+00,4.466189967230730362e-01,-1.569281989460971971e+00,-2.143914598607906535e-02
4.597727226047342519e+00,5.053125968650004296e+00,4.469414566693623581e-01,-1.569316085713553521e+00,-2.854140220551843604e-02
4.797628409788530668e+00,5.253026855812509055e+00,4.472775579086624709e-01,-1.569769647738064933e+00,-3.644522083847151483e-02
4.997529593529719705e+00,5.452927818955459749e+00,4.476209483111361909e-01,-1.571171535875368397e+00,-4.479467563043381534e-02
5.197430777270908742e+00,5.652828623581555689e+00,4.479731403485889274e-01,-1.574099529971897615e+00,-5.317106551166109196e-02
5.397331961012096890e+00,5.852729519173187178e+00,4.482990544829268953e-01,-1.579199649162171815e+00,-6.119522689169083762e-02
5.597233144753285927e+00,6.052630739271301685e+00,4.484504660610049709e-01,-1.587017168069443596e+00,-6.915909032299590031e-02
5.797134328494474964e+00,6.252530194420204523e+00,4.477866258238910047e-01,-1.598151607920487827e+00,-7.720894045012988149e-02
5.997035512235664001e+00,6.452414284271647205e+00,4.452648015272534510e-01,-1.613177635704358792e+00,-8.603641128671578320e-02
6.196936695976852150e+00,6.652234554097325336e+00,4.397006635794787344e-01,-1.632518897601085817e+00,-9.558156510428755803e-02
6.396837879718041187e+00,6.851885104857504238e+00,4.298232168952614840e-01,-1.656471504223011149e+00,-1.049651921665173543e-01
6.596739063459230223e+00,7.051191030241513502e+00,4.145283175973662471e-01,-1.684650642576790203e+00,-1.124060467759210452e-01
6.796640247200418372e+00,7.249872793274135141e+00,3.926396465208669140e-01,-1.716046974451844065e+00,-1.204136391791042898e-01
6.996541430941607409e+00,7.447541205654954588e+00,3.630359730001064822e-01,-1.749241473392326496e+00,-1.295912234672470797e-01
7.196442614682796446e+00,7.643722230103946913e+00,3.249337823687325488e-01,-1.782556806958319084e+00,-1.393130892350833150e-01
7.396343798423985483e+00,7.837926019179882076e+00,2.777996191319183072e-01,-1.814478933292773766e+00,-1.491649642288183641e-01
7.596244982165173631e+00,8.030054064367618594e+00,2.223344081829169150e-01,-1.846179564110206339e+00,-1.581302357880555731e-01
7.796146165906362668e+00,8.220253255582179008e+00,1.599464639049557602e-01,-1.878232207188858416e+00,-1.661866261331337857e-01
7.996047349647551705e+00,8.408690638549082053e+00,9.242367158163490581e-02,-1.913421522076113712e+00,-1.724258303503779233e-01
8.195948533388740742e+00,8.595595392967780413e+00,2.190996328469776988e-02,-1.951482652871135759e+00,-1.767928900704145156e-01
8.395849717129928891e+00,8.781805252558930519e+00,-5.000006320594801990e-02,-1.988935312775135467e+00,-1.800288827368222155e-01
8.595750900871117040e+00,8.966296269969086907e+00,-1.266084270548541446e-01,-2.018718121917034480e+00,-1.840838645018810504e-01
8.795652084612306965e+00,9.147953678895261120e+00,-2.100059620290643803e-01,-2.051186227947811691e+00,-1.868278873206206114e-01
8.995553268353495113e+00,9.323372910016592741e+00,-3.060606572279100934e-01,-2.089280315346800698e+00,-1.877597643736161892e-01
9.195454452094685038e+00,9.491884166328015127e+00,-4.147168066934067698e-01,-2.131076558946598087e+00,-1.879527253527674691e-01
9.395355635835873187e+00,9.653832102373979041e+00,-5.290841697193250370e-01,-2.175564707603229397e+00,-1.881401818713826501e-01
9.595256819577061336e+00,9.820035659531715311e+00,-6.377418938835415219e-01,-2.219225594455555672e+00,-1.884207305669588217e-01
9.795158003318251261e+00,9.981808325091838796e+00,-7.580113736135692948e-01,-2.262569673639844403e+00,-1.880967142982361562e-01
9.995059187059439409e+00,1.013172253566269987e+01,-8.906531654655738262e-01,-2.302540187596317622e+00,-1.863401099061416100e-01
1.019496037080062756e+01,1.027393726265581364e+01,-1.030981000851941110e+00,-2.339341057643120170e+00,-1.831731269281099417e-01
1.039486155454181748e+01,1.041091636620898520e+01,-1.175976437902764848e+00,-2.376231239556899855e+00,-1.793040762571222468e-01
1.059476273828300563e+01,1.054583914620740615e+01,-1.323473677871473297e+00,-2.420622291008362570e+00,-1.766314267071647515e-01
1.079466392202419378e+01,1.067597125836947392e+01,-1.475696223142493269e+00,-2.462989291076993936e+00,-1.727171292719707207e-01
1.099456510576538371e+01,1.080038873767113294e+01,-1.632513805253104522e+00,-2.499909456537377839e+00,-1.669473167131260705e-01
1.119446628950657185e+01,1.091841516468678819e+01,-1.793956461008065162e+00,-2.533996252666334215e+00,-1.599693743012580993e-01
1.139436747324776000e+01,1.102892458501649919e+01,-1.960415795162030239e+00,-2.566667834600212306e+00,-1.521818588577057152e-01
1.159426865698894993e+01,1.113255451707036947e+01,-2.131300731011205318e+00,-2.599490105744499679e+00,-1.445222317427336534e-01
1.179416984073013808e+01,1.122991543462002362e+01,-2.305851473906799232e+00,-2.630247324109770357e+00,-1.369336501511994875e-01
1.199407102447132800e+01,1.132175603861018587e+01,-2.483388488233095881e+00,-2.658413693050132309e+00,-1.301940549967247063e-01
1.219397220821251615e+01,1.140895111366293690e+01,-2.663279179515243733e+00,-2.683813150921219748e+00,-1.241854091591827053e-01
1.239387339195370430e+01,1.149231401845439926e+01,-2.844957741579785093e+00,-2.705797254643517835e+00,-1.180762189224866532e-01
1.259377457569489422e+01,1.157250846177047165e+01,-3.028079709283618470e+00,-2.724894747610179913e+00,-1.099669204549961476e-01
1.279367575943608237e+01,1.165037751981089187e+01,-3.212214812816611698e+00,-2.741713399824749153e+00,-1.021886506919884724e-01
1.299357694317727052e+01,1.172621583230690590e+01,-3.397143084318693163e+00,-2.756739640014181703e+00,-9.557792034912911128e-02
1.319347812691846045e+01,1.179984776367409260e+01,-3.582990786886567136e+00,-2.770637904649773997e+00,-8.943116172275453191e-02
1.339337931065964860e+01,1.187140640513376333e+01,-3.769659421258344967e+00,-2.783991382195027064e+00,-8.337447942392815781e-02
1.359328049440083674e+01,1.194070593203957387e+01,-3.957145781102931803e+00,-2.797028898501372929e+00,-7.704237139528054279e-02
1.379318167814202667e+01,1.200747241986422331e+01,-4.145565982543653938e+00,-2.810033648824376229e+00,-7.104645133536881263e-02
1.399308286188321482e+01,1.207169826347853814e+01,-4.334864939315274057e+00,-2.823059101794531678e+00,-6.556475645946896469e-02
1.419298404562440474e+01,1.213311846904697511e+01,-4.525074038278374289e+00,-2.835837263529210173e+00,-6.067495266708478746e-02
1.439288522936559289e+01,1.219154760192958165e+01,-4.716233698179309819e+00,-2.848302758242676536e+00,-5.660185380018741691e-02
1.459278641310678104e+01,1.224725294456199087e+01,-4.908219087084871646e+00,-2.860272642434900092e+00,-5.323703278638573788e-02
1.479268759684797097e+01,1.230058172765823166e+01,-5.100873508625815234e+00,-2.871541935841861015e+00,-5.045037825693458877e-02
1.499258878058915911e+01,1.235176475007158814e+01,-5.294109942156016935e+00,-2.882032244883617089e+00,-4.815463376968065479e-02
1.519248996433034726e+01,1.240111627966563645e+01,-5.487826836742726755e+00,-2.891544154500900632e+00,-4.618250837513136059e-02
1.539239114807153719e+01,1.244891105441410772e+01,-5.681931654004380050e+00,-2.900000977213184949e+00,-4.433631184487510368e-02
1.559229233181272534e+01,1.249533038315679967e+01,-5.876367592042544885e+00,-2.907507330547397295e+00,-4.253875082209193637e-02
1.579219351555391349e+01,1.254048521903024493e+01,-6.071101638391779964e+00,-2.914292718560790085e+00,-4.067204705839629758e-02
1.599209469929510341e+01,1.258453654893012796e+01,-6.266089016744588847e+00,-2.920543141609144300e+00,-3.863489627065206516e-02
1.619199588303629156e+01,1.262761664024778874e+01,-6.461294068807331037e+00,-2.926393048153036691e+00,-3.647434596370464910e-02
1.639189706677748148e+01,1.266969118652195547e+01,-6.656717176577894080e+00,-2.932092806175581323e+00,-3.414526728085894025e-02
1.659179825051866786e+01,1.271084161656600742e+01,-6.852339201129011848e+00,-2.937737665067519544e+00,-3.164281254535996485e-02
1.679169943425985778e+01,1.275098470286000740e+01,-7.048165737714410461e+00,-2.943415206499788273e+00,-2.898258113220182619e-02
1.699160061800104771e+01,1.278999699032718951e+01,-7.244221082867777994e+00,-2.949263005877833521e+00,-2.611883687851866698e-02
1.719150180174223408e+01,1.282793798885982461e+01,-7.440490493615294909e+00,-2.955276666496296389e+00,-2.308539383154510280e-02
1.739140298548342400e+01,1.286459735050486586e+01,-7.637001863127832024e+00,-2.961249006605207512e+00,-1.991414069661329861e-02
1.759130416922461393e+01,1.289997389252590310e+01,-7.833752515893904977e+00,-2.967099831385525910e+00,-1.654647936445254042e-02
1.779120535296580030e+01,1.293400405352871552e+01,-8.030727091219860725e+00,-2.972641455867391258e+00,-1.291541320904587668e-02
1.799110653670699023e+01,1.296657953698482757e+01,-8.227932426597771354e+00,-2.977522331758959417e+00,-9.014889223645976626e-03
1.819100772044818015e+01,1.299784913669419417e+01,-8.425368729732687356e+00,-2.981662562215814383e+00,-4.799923489073495454e-03
1.839090890418937008e+01,1.302818473881360894e+01,-8.622955395354681585e+00,-2.984816345214736266e+00,-2.447356806110083014e-04
1.859081008793055645e+01,1.305782215704183358e+01,-8.820625204939656072e+00,-2.986781356129259990e+00,4.670587892937204562e-03
1.879071127167174637e+01,1.308706039553230838e+01,-9.018390811174111121e+00,-2.987414981365904776e+00,9.899224476593039210e-03
1.899061245541293630e+01,1.311646419616633175e+01,-9.216134916478258887e+00,-2.986455973082795090e+00,1.537901739194989272e-02
1.919051363915412267e+01,1.314624802644996038e+01,-9.413799727592294886e+00,-2.983840105582048707e+00,2.102146441381836858e-02
1.939041482289531260e+01,1.317669415437958769e+01,-9.611379356526567719e+00,-2.979618183182016544e+00,2.669112268655679521e-02
1.959031600663650252e+01,1.320819761582640872e+01,-9.808785560664121661e+00,-2.973660546781461633e+00,3.226416041114760908e-02
1.979021719037768889e+01,1.324098100010233914e+01,-1.000598538216001110e+01,-2.965928846340687208e+00,3.759608098068790982e-02
1.999011837411887882e+01,1.327545088553845076e+01,-1.020289704231083583e+01,-2.956584882151194638e+00,4.250671487754336536e-02
2.019001955786006874e+01,1.331187444278825538e+01,-1.039944805474720191e+01,-2.945583255899695274e+00,4.687664635380087846e-02
2.038992074160125512e+01,1.335052330978218293e+01,-1.059557921829441440e+01,-2.933071265220738244e+00,5.062808969726816100e-02
2.058982192534244504e+01,1.339188377861251311e+01,-1.079115600985647205e+01,-2.919064544096211300e+00,5.370981935044808614e-02
2.078972310908363497e+01,1.343630758681618431e+01,-1.098605537805359766e+01,-2.903837872679974286e+00,5.618363241151283494e-02
2.098962429282482134e+01,1.348402978830884180e+01,-1.118017310559205058e+01,-2.887777330249291285e+00,5.804175639337098153e-02
2.118952547656601126e+01,1.353533829993219406e+01,-1.137337187002744443e+01,-2.871232354090385019e+00,5.929411632678919380e-02
2.138942666030720119e+01,1.359020061093264253e+01,-1.156559501992663108e+01,-2.854537266196727430e+00,5.999000662035434972e-02
2.158932784404838756e+01,1.364895520068097312e+01,-1.175666620496547665e+01,-2.838106954213445832e+00,6.014704657083077416e-02
2.178922902778957749e+01,1.371126765742856257e+01,-1.194660558861965960e+01,-2.822331434026009056e+00,5.982590699246728011e-02
2.198913021153076741e+01,1.377677886908882599e+01,-1.213546715632374529e+01,-2.807579479339556983e+00,5.915024276522631852e-02
2.218903139527195378e+01,1.384507386288201403e+01,-1.232334117620211522e+01,-2.794248620296976959e+00,5.819048703235584624e-02
2.238893257901314371e+01,1.391577357180763030e+01,-1.251032679756016996e+01,-2.782404043993956577e+00,5.699311726914658982e-02
2.258883376275433363e+01,1.398856451021095104e+01,-1.269651249502217283e+01,-2.772048226795660320e+00,5.550844952133580229e-02
2.278873494649552001e+01,1.406305732489062343e+01,-1.288202391627375576e+01,-2.762791488847080146e+00,5.374243529347436099e-02
2.298863613023670993e+01,1.413879369275002773e+01,-1.306701880164329133e+01,-2.754403656893743779e+00,5.176064930335158576e-02
2.318853731397789986e+01,1.421532104849822886e+01,-1.325166548970755720e+01,-2.746780824729790460e+00,4.965954576331765846e-02
2.338843849771908978e+01,1.429250876333823328e+01,-1.343603861884592199e+01,-2.739776716461004735e+00,4.743700341827759848e-02
2.358833968146027615e+01,1.437070110152361302e+01,-1.362000976089651338e+01,-2.733191230620552137e+00,4.504257262719104510e-02
2.378824086520146608e+01,1.445030411915818291e+01,-1.380337242037607659e+01,-2.726743453816997675e+00,4.240427511618013318e-02
2.398814204894265600e+01,1.453140015568255095e+01,-1.398605997105611287e+01,-2.720100811204245961e+00,3.937716983316325026e-02
2.418804323268384238e+01,1.461379441571777882e+01,-1.416816289215034885e+01,-2.712936311094810815e+00,3.574700892232825222e-02
2.438794441642503230e+01,1.469740035675627077e+01,-1.434972819395209598e+01,-2.705211433076682326e+00,3.103962586274693070e-02
2.458784560016622223e+01,1.478228194885398850e+01,-1.453071356704658790e+01,-2.697140448757150200e+00,2.490387167753788100e-02
2.478774678390740860e+01,1.486857236983010822e+01,-1.471104118234547720e+01,-2.688974344033979058e+00,1.738180867428163259e-02
2.498764796764859852e+01,1.495642959454663234e+01,-1.489062094016581739e+01,-2.680837028910240782e+00,8.452691338154082884e-03
2.518754915138978845e+01,1.504599348364324207e+01,-1.506934636281734363e+01,-2.672692314447646211e+00,-1.864188204767692732e-03
2.538745033513097482e+01,1.513719011507720857e+01,-1.524723234947729722e+01,-2.664883003467757305e+00,-1.331693206447588131e-02
2.558735151887216475e+01,1.522996058316538281e+01,-1.542430130293697665e+01,-2.658025682474966622e+00,-2.597105658705490747e-02
2.578725270261335467e+01,1.532425892536602952e+01,-1.560056672886496720e+01,-2.652798138197780098e+00,-4.030562098194952203e-02
2.598715388635454104e+01,1.541995981309074892e+01,-1.577610257277563655e+01,-2.650148622099013807e+00,-5.733258336500031416e-02
2.618705507009573097e+01,1.551692841904256426e+01,-1.595095768383782620e+01,-2.651331232321371800e+00,-7.689096778629118945e-02
2.638695625383692089e+01,1.561446489679478766e+01,-1.612548519750063392e+01,-2.658306884937021941e+00,-9.839838021786585787e-02
2.658685743757810727e+01,1.571156476631570342e+01,-1.630026022568978306e+01,-2.672481958234090627e+00,-1.222180425401445392e-01
2.678675862131929719e+01,1.580716953878252617e+01,-1.647585004781075568e+01,-2.693298606256044891e+00,-1.485547865071890627e-01
2.698665980506048712e+01,1.589974957920589027e+01,-1.665303062353870089e+01,-2.720609596807825881e+00,-1.767914374852244119e-01
2.718656098880167349e+01,1.598710000037836032e+01,-1.683262951032837407e+01,-2.754233893306778924e+00,-2.074609013351691178e-01
2.738646217254286341e+01,1.606545500830878481e+01,-1.701604884428048692e+01,-2.793018126130799139e+00,-2.402494088845003317e-01
2.758636335628405334e+01,1.613218550956964847e+01,-1.720437261395223771e+01,-2.837024129715785659e+00,-2.742346904580474365e-01
2.778626454002523971e+01,1.618802200250687662e+01,-1.739650829806564403e+01,-2.887886280731305710e+00,-3.082412806134409156e-01
2.798616572376642964e+01,1.623284484006706663e+01,-1.759158239064988649e+01,-2.949317836836324869e+00,-3.404652820071643049e-01
2.818606690750761956e+01,1.626671623450738835e+01,-1.778880473536962725e+01,-3.020348220684515361e+00,-3.697599198954833466e-01
2.838596809124880949e+01,1.629101522926056234e+01,-1.798713740586634557e+01,-3.098610486752021664e+00,-3.962379826416014827e-01
2.858586927498999586e+01,1.630449454907576268e+01,-1.818647487634638793e+01,3.097414230856319062e+00,-4.188341683919495351e-01
2.878577045873118578e+01,1.630253687051880362e+01,-1.838629878117505001e+01,3.000285409681473503e+00,-4.376468545534195065e-01
2.898567164247237571e+01,1.627576421784366190e+01,-1.858448207356764215e+01,2.895531925697290010e+00,-4.532578989764607935e-01
2.918557282621356208e+01,1.622412579916285225e+01,-1.877798246470170795e+01,2.781059397593655280e+00,-4.652613770834756468e-01
2.938547400995475201e+01,1.614923641207765215e+01,-1.896406145329894954e+01,2.657779479129178224e+00,-4.736386884381538764e-01
2.958537519369594193e+01,1.604683561722635687e+01,-1.913505173522419511e+01,2.528762839795376305e+00,-4.787391455455961564e-01
2.978527637743712830e+01,1.591915259295950591e+01,-1.928655614090759940e+01,2.398031231531271512e+00,-4.801536179836213281e-01
2.998517756117831823e+01,1.577353704096914555e+01,-1.942040098232903844e+01,2.271848427160375827e+00,-4.773119037102840911e-01
3.018507874491950815e+01,1.560858745375597145e+01,-1.953444986809986972e+01,2.153545161115128614e+00,-4.711038352192143397e-01
3.038497992866069453e+01,1.543013315005714858e+01,-1.962545488221985579e+01,2.040709586777030182e+00,-4.612438510639910172e-01
3.058488111240188445e+01,1.524284532304247541e+01,-1.969634515390293217e+01,1.936194427889352809e+00,-4.474143781041140522e-01
3.078478229614307438e+01,1.505001747153408154e+01,-1.974826353958198411e+01,1.840164215206812059e+00,-4.294389894803625762e-01
3.098468347988426075e+01,1.485322553807671397e+01,-1.978523059832147979e+01,1.750439899462987725e+00,-4.082513960624764571e-01
3.118458466362545067e+01,1.465444634705125360e+01,-1.981256495153527553e+01,1.668825413311958883e+00,-3.838084207769382195e-01
3.138448584736664060e+01,1.445503965044599504e+01,-1.982447076613351911e+01,1.596548491360564981e+00,-3.565441506813205041e-01
3.158438703110782697e+01,1.425546375837759605e+01,-1.982039184068032611e+01,1.532150739507602832e+00,-3.274178854497719615e-01
3.178428821484901690e+01,1.405677859565685672e+01,-1.980071612016156024e+01,1.475633494197470696e+00,-2.976872361885088969e-01
3.198418939859020682e+01,1.385967078755055937e+01,-1.976796162643153920e+01,1.425563179034338379e+00,-2.689980428184835515e-01
3.218409058233139319e+01,1.366430555580939021e+01,-1.972565892657944175e+01,1.379352799988374123e+00,-2.421811921917539356e-01
3.238399176607258312e+01,1.347071163143791317e+01,-1.967592538502221444e+01,1.340510984006838324e+00,-2.167124212982826925e-01
3.258389294981377304e+01,1.327865325404415309e+01,-1.962039998652119266e+01,1.308640954739514140e+00,-1.931573658504750213e-01
3.278379413355496297e+01,1.308775043596076237e+01,-1.956096291256653785e+01,1.283378162846585013e+00,-1.714970360429350082e-01
3.298369531729615289e+01,1.289762747467265847e+01,-1.949919904610962362e+01,1.263333178959650471e+00,-1.511133814779114792e-01
3.318359650103733571e+01,1.270819569804872273e+01,-1.943534815337845245e+01,1.246584244730731594e+00,-1.323934550621806983e-01
3.338349768477852564e+01,1.251903520820223825e+01,-1.937058542699035613e+01,1.232307523585324027e+00,-1.156771278266935932e-01
3.358339886851971556e+01,1.233057847241802207e+01,-1.930388588661815419e+01,1.219738382206449590e+00,-1.005731516433402001e-01
3.378330005226090549e+01,1.214291432726951392e+01,-1.923497172583443415e+01,1.207870613556755401e+00,-8.708276051052718514e-02
3.398320123600209541e+01,1.195621203414046185e+01,-1.916355139577646938e+01,1.196387883490818371e+00,-7.491377611745970999e-02
3.418310241974328534e+01,1.177065989959257486e+01,-1.908926026522537356e+01,1.185299021135449049e+00,-6.346302144449414429e-02
3.438300360348446816e+01,1.158606918567215693e+01,-1.901246058383817328e+01,1.174288195798112167e+00,-5.365479707406144855e-02
3.458290478722565808e+01,1.140253777420577208e+01,-1.893331421099870582e+01,1.163946706252556584e+00,-4.538176569834123653e-02
3.478280597096684801e+01,1.122008516924749522e+01,-1.885172306132728082e+01,1.154515004945051881e+00,-3.857129645891482078e-02
3.498270715470803793e+01,1.103829459537751134e+01,-1.876858623726237596e+01,1.146285022731620806e+00,-3.287914569926984193e-02
3.518260833844922786e+01,1.085710741823042724e+01,-1.868417448130063363e+01,1.139513245581642575e+00,-2.783154364956532192e-02
3.538250952219041778e+01,1.067623493883101027e+01,-1.859903588585385847e+01,1.134068595673827673e+00,-2.324050222347445738e-02
3.558241070593160060e+01,1.049568381013358476e+01,-1.851324663173670615e+01,1.130056898185887171e+00,-1.895387580697328184e-02
3.578231188967279053e+01,1.031535850975678770e+01,-1.842697341046460124e+01,1.127474556007374229e+00,-1.473938687890203811e-02
3.598221307341398045e+01,1.013514868190417495e+01,-1.834044080133468668e+01,1.126056128546286672e+00,-1.057075737876949154e-02
3.618211425715517038e+01,9.955030424608276363e+00,-1.825375316302039153e+01,1.125626137777437474e+00,-6.448644182197230297e-03
3.638201544089636030e+01,9.774911090029949179e+00,-1.816703164324938768e+01,1.125997835036875117e+00,-2.338191060155574413e-03
3.658191662463755023e+01,9.594674786643357933e+00,-1.808057388832473933e+01,1.127203581072240279e+00,1.568217402987134770e-03
3.678181780837874015e+01,9.414360376169732092e+00,-1.799428387542489105e+01,1.129169206435197026e+00,5.152163224469527569e-03
3.698171899211992297e+01,9.233757818970099507e+00,-1.790857232060134407e+01,1.131881576045989490e+00,8.306991544598190877e-03
3.718162017586111290e+01,9.052925778384947719e+00,-1.782337763525427476e+01,1.135313074312878090e+00,1.097161217862629469e-02
3.738152135960230282e+01,8.871741073584377801e+00,-1.773891333396991143e+01,1.139391445481078513e+00,1.319447951617537876e-02
3.758142254334349275e+01,8.690164595878552944e+00,-1.765530542121343416e+01,1.143960338000500787e+00,1.496071118349332450e-02
3.778132372708468267e+01,8.508180649557878894e+00,-1.757259429692587105e+01,1.148942195862518112e+00,1.631541764280038456e-02
3.798122491082587260e+01,8.325691945928589632e+00,-1.749098151841738868e+01,1.154125745229679811e+00,1.735095865706494378e-02
3.818112609456705542e+01,8.142697955867351567e+00,-1.741052128936384236e+01,1.159517189024509953e+00,1.812500623120343393e-02
3.838102727830824534e+01,7.959193989702146865e+00,-1.733121621662438372e+01,1.164940052583348873e+00,1.871022130149329818e-02
3.858092846204943527e+01,7.775194496697174884e+00,-1.725307961687111558e+01,1.170216476556969809e+00,1.913967990627442328e-02
3.878082964579062519e+01,7.590810273521074514e+00,-1.717587771395232821e+01,1.175113475493037463e+00,1.947504139278441460e-02
3.898073082953181512e+01,7.406014806138261797e+00,-1.709964055909513903e+01,1.179496571593485310e+00,1.972624653314678997e-02
3.918063201327300504e+01,7.220846164318413862e+00,-1.702431093823728503e+01,1.183378010822775384e+00,1.987418604432704058e-02
3.938053319701418786e+01,7.035345337639085983e+00,-1.694978922182234271e+01,1.186820437156474117e+00,1.992153629686715249e-02
3.958043438075537779e+01,6.849613621973647426e+00,-1.687587462392342985e+01,1.189870175689694332e+00,1.988935291522552981e-02
3.978033556449656771e+01,6.663811215338387051e+00,-1.680217609703896642e+01,1.192703982007927710e+00,1.977133318919701080e-02
3.998023674823775764e+01,6.477935338913521690e+00,-1.672864315515639788e+01,1.195425672038120890e+00,1.956832014000043501e-02
4.018013793197894756e+01,6.291958970176582788e+00,-1.665534537149459737e+01,1.198090341796117286e+00,1.925368112034058291e-02
4.038003911572013749e+01,6.105838730039758744e+00,-1.658240463904023088e+01,1.200801742761437474e+00,1.883204908387340476e-02
4.057994029946132031e+01,5.919544844956220686e+00,-1.650991601835760036e+01,1.203724474466074223e+00,1.831248605853726466e-02
4.077984148320251023e+01,5.733040182557715525e+00,-1.643796694089926547e+01,1.207030882991722009e+00,1.774198764825371533e-02
4.097974266694370016e+01,5.546238362360641716e+00,-1.636678686748874156e+01,1.210747576700920813e+00,1.711901505746107541e-02
4.117964385068489008e+01,5.359132394850242065e+00,-1.629641900546124234e+01,1.214770540635949914e+00,1.636303154823431916e-02
4.137954503442608001e+01,5.171686623494856860e+00,-1.622695627264198492e+01,1.219038219234814591e+00,1.518403371019163423e-02
4.157944621816726993e+01,4.983871143034197537e+00,-1.615849977205040489e+01,1.223478441832497765e+00,1.318469123864212007e-02
4.177934740190845986e+01,4.795718348308239065e+00,-1.609097838059811991e+01,1.227988454035756849e+00,9.955211582347873317e-03
4.197924858564964268e+01,4.607229949452703366e+00,-1.602440019228855661e+01,1.232360352425932337e+00,5.317585393785871639e-03
4.217914976939083260e+01,4.418455572498303674e+00,-1.595864130126587099e+01,1.236493861971139196e+00,-6.292630557845435655e-04
4.237905095313202253e+01,4.229393976911364206e+00,-1.589370786201201113e+01,1.240231030666118173e+00,-7.721673377569387292e-03
4.257895213687321245e+01,4.040063777193909189e+00,-1.582955897373618193e+01,1.243430229363882145e+00,-1.590799399189488095e-02
4.277885332061440238e+01,3.850504850483166042e+00,-1.576609149537121013e+01,1.246046362149186848e+00,-2.550992609015815399e-02
4.297875450435559230e+01,3.660772670344671464e+00,-1.570314420197437322e+01,1.247938799082879413e+00,-3.699972629449074096e-02
4.317865568809677512e+01,3.470917751572726306e+00,-1.564056797328035842e+01,1.248797798344504439e+00,-5.125000607512004286e-02
4.337855687183796505e+01,3.281009207470849010e+00,-1.557815782289074136e+01,1.247526563409142586e+00,-6.774916049935182649e-02
4.357845805557915497e+01,3.091101158184895503e+00,-1.551574424765357563e+01,1.242582883407027161e+00,-8.634134053145842147e-02
4.377835923932034490e+01,2.901246970332727493e+00,-1.545316792037560560e+01,1.232505153602034387e+00,-1.062449559615167155e-01
4.397826042306153482e+01,2.711533049799968342e+00,-1.539016871312854384e+01,1.216685504335373924e+00,-1.287315082485429030e-01
4.417816160680272475e+01,2.522200903602642708e+00,-1.532603389959214368e+01,1.195574533201398726e+00,-1.538680687949639803e-01
4.437806279054390757e+01,2.333986460063163904e+00,-1.525870426607192698e+01,1.169930309788658640e+00,-1.834871341374811338e-01
4.457796397428509749e+01,2.148077044673604163e+00,-1.518528087381738700e+01,1.140123937867524084e+00,-2.164195213942060880e-01
4.477786515802628742e+01,1.965912453043287655e+00,-1.510306289411204617e+01,1.105041594540264960e+00,-2.517548394145578405e-01
4.497776634176747734e+01,1.788568165957243883e+00,-1.501100125309378974e+01,1.062821795013547010e+00,-2.887355475829856410e-01
4.517766752550866727e+01,1.616105894949103616e+00,-1.490998956546684795e+01,1.009871803012757585e+00,-3.260311795033465909e-01
4.537756870924985719e+01,1.448132111004324818e+00,-1.480135809031420102e+01,9.481754716089700885e-01,-3.630648214669548457e-01
4.557746989299104001e+01,1.284795650376122422e+00,-1.468586411534463743e+01,8.782837182717058155e-01,-3.987494244747024630e-01
4.577737107673222994e+01,1.128049208812930804e+00,-1.456189367411436741e+01,8.032186047710041521e-01,-4.327182716250794203e-01
4.597727226047341986e+01,9.810304468233635999e-01,-1.442679355271994623e+01,7.176887347524854022e-01,-4.633497803606984600e-01
4.617717344421460979e+01,8.501162024552090246e-01,-1.427556640873840976e+01,6.213256801294595455e-01,-4.902210841299117217e-01
4.637707462795579971e+01,7.353992687277840501e-01,-1.411112160523469505e+01,5.066451243589025211e-01,-5.122507046377362538e-01
4.657697581169698964e+01,6.410860594257903333e-01,-1.393512781098028697e+01,3.781798591358151995e-01,-5.302945115655403052e-01
4.677687699543817956e+01,5.648833895475970923e-01,-1.375109858158591969e+01,2.395245539183263883e-01,-5.448425347768373062e-01
4.697677817917936238e+01,5.188944993327831989e-01,-1.355659961870104624e+01,9.356724408289762707e-02,-5.554855131085830733e-01
4.717667936292055231e+01,5.052418282893137436e-01,-1.335831324587517166e+01,-5.468257604059578725e-02,-5.614318608598376503e-01
4.737658054666174223e+01,5.376771064936732847e-01,-1.316078745641069325e+01,-2.040151883114107445e-01,-5.634688524991857683e-01
4.757648173040293216e+01,6.042828443665551053e-01,-1.297303654387404315e+01,-3.516267559651888863e-01,-5.617829163592418240e-01
4.777638291414412208e+01,6.969141984667415191e-01,-1.279648688435821668e+01,-4.975127408838591059e-01,-5.571627971702250992e-01
4.797628409788531201e+01,8.127476908123113519e-01,-1.263352310650253152e+01,-6.357978872710956519e-01,-5.485525984423414991e-01
4.817618528162649483e+01,9.480530614103068743e-01,-1.248634523152161968e+01,-7.643409670477635531e-01,-5.361297754654089642e-01
4.837608646536768475e+01,1.098717930607965076e+00,-1.235505670061354166e+01,-8.780601347981733529e-01,-5.182590041392518554e-01
4.857598764910887468e+01,1.262747778637563378e+00,-1.224064078333602623e+01,-9.800060740006173443e-01,-4.962460546716563337e-01
4.877588883285006460e+01,1.437710691048931899e+00,-1.214391059397776829e+01,-1.073251758548528167e+00,-4.710683898341704312e-01
4.897579001659125453e+01,1.620742144502380189e+00,-1.206364711900672937e+01,-1.158022437416201589e+00,-4.435617636008706843e-01
4.917569120033244445e+01,1.809449089451158565e+00,-1.199799015157002202e+01,-1.234746068505242267e+00,-4.150349178662806615e-01
4.937559238407362727e+01,2.002157807275636081e+00,-1.194534673827304516e+01,-1.304586340708557390e+00,-3.858369951776988160e-01
4.957549356781481720e+01,2.197748012754864089e+00,-1.190429821458860005e+01,-1.367737681444088693e+00,-3.566253440099958483e-01
4.977539475155600712e+01,2.395350126233650290e+00,-1.187403489747387297e+01,-1.424331449046594145e+00,-3.273026652657353153e-01
4.997529593529719705e+01,2.594173780663269202e+00,-1.185337768712057205e+01,-1.475437540706096673e+00,-2.992248564868412730e-01
5.017519711903838697e+01,2.793617057995851916e+00,-1.184169141935156055e+01,-1.522133854959201393e+00,-2.728177040720304314e-01
5.037509830277957690e+01,2.993411185932529417e+00,-1.183840779990332059e+01,-1.565366643880420350e+00,-2.491966583969032756e-01
5.057499948652075972e+01,3.193196898720819465e+00,-1.184316835514579580e+01,-1.605823615979357744e+00,-2.274635162541882027e-01
5.077490067026194964e+01,3.392712288858594771e+00,-1.185550628934739770e+01,-1.643818021099799909e+00,-2.067896870513867003e-01
5.097480185400313957e+01,3.591637512208941896e+00,-1.187513317805112223e+01,-1.679803188039970863e+00,-1.871463219315132320e-01
5.117470303774432949e+01,3.789777689065533917e+00,-1.190154632735709761e+01,-1.714002003548527719e+00,-1.684686334160089005e-01
5.137460422148551942e+01,3.986976117906034123e+00,-1.193456969829565573e+01,-1.746600629654718073e+00,-1.504833327890293393e-01
5.157450540522670934e+01,4.183005839418388661e+00,-1.197386486761321756e+01,-1.777423324359326262e+00,-1.331130303740876986e-01
5.177440658896789927e+01,4.377743970638918292e+00,-1.201905049561215577e+01,-1.806076545449190940e+00,-1.162994273953981000e-01
5.197430777270908209e+01,4.571115276944526684e+00,-1.206973551109511078e+01,-1.832105947601232021e+00,-9.975477945631898435e-02
5.217420895645027201e+01,4.763061837855318004e+00,-1.212567102303681388e+01,-1.855072606838808591e+00,-8.323893155690574586e-02
5.237411014019146194e+01,4.953499023696394943e+00,-1.218659423933744712e+01,-1.874354274755966054e+00,-6.659901085632151385e-02
5.257401132393265186e+01,5.142475870562281948e+00,-1.225177373256190805e+01,-1.889410597143524884e+00,-4.979497497431267100e-02
5.277391250767384179e+01,5.330362219512497113e+00,-1.231999974123263542e+01,-1.900001823089372044e+00,-3.290595629685098139e-02
5.297381369141503171e+01,5.517552280472393988e+00,-1.239016964572229007e+01,-1.906237863154583767e+00,-1.588776359693820986e-02
5.317371487515621453e+01,5.704486696468467066e+00,-1.246100501654615833e+01,-1.908287653367652714e+00,1.362793667266688899e-03
5.337361605889740446e+01,5.891643626656885679e+00,-1.253118577846888293e+01,-1.906222267865481879e+00,1.904137206098953719e-02
5.357351724263859438e+01,6.079491848616867422e+00,-1.259942495217723391e+01,-1.899926728307227863e+00,3.720888119144268036e-02
5.377341842637978431e+01,6.268319935549286903e+00,-1.266494193644820498e+01,-1.889299313141844738e+00,5.581615447002031410e-02
5.397331961012097423e+01,6.458159035493040712e+00,-1.272758960412399176e+01,-1.874259510649284532e+00,7.471865690613274658e-02
5.417322079386216416e+01,6.648935984191067128e+00,-1.278745592767656269e+01,-1.854925073990746576e+00,9.402254442705476611e-02
5.437312197760334698e+01,6.840600433757882293e+00,-1.284443542419587558e+01,-1.831631066003839070e+00,1.137323324579393863e-01
5.457302316134453690e+01,7.033313967852866000e+00,-1.289759616685090649e+01,-1.804905104813917305e+00,1.336242860091653439e-01
5.477292434508572683e+01,7.227368656818057957e+00,-1.294549742337066434e+01,-1.775376813417326671e+00,1.538354980614138889e-01
5.497282552882691675e+01,7.422930649523951985e+00,-1.298681012299812743e+01,-1.743322843040533199e+00,1.744534243724440714e-01
5.517272671256810668e+01,7.619986628295941422e+00,-1.302038809305529021e+01,-1.708553522202895580e+00,1.952465708667770194e-01
5.537262789630929660e+01,7.818358245550006025e+00,-1.304545587459365130e+01,-1.670472773353753881e+00,2.157368402771134841e-01
5.557252908005047942e+01,8.017725897236564592e+00,-1.306165809832661395e+01,-1.628661336442233543e+00,2.351590227232632502e-01
5.577243026379166935e+01,8.217585551707140112e+00,-1.306938181558094847e+01,-1.582922238440429119e+00,2.535494046607212892e-01
5.597233144753285927e+01,8.417473008397022838e+00,-1.306901753893848017e+01,-1.533378988339478166e+00,2.710224377268423135e-01
5.617223263127404920e+01,8.617089543315417544e+00,-1.306031142670693335e+01,-1.479168248252273221e+00,2.869388590124784533e-01
5.637213381501523912e+01,8.816052786919639672e+00,-1.304199621030163492e+01,-1.419649716996195687e+00,3.010262552013504567e-01
5.657203499875642905e+01,9.013687442304648911e+00,-1.301231856958994548e+01,-1.355177538147458227e+00,3.133004620213868385e-01
5.677193618249761897e+01,9.208841719316144037e+00,-1.296952576835719029e+01,-1.284963859811532050e+00,3.239062857437753906e-01
5.697183736623880179e+01,9.400400951173221387e+00,-1.291278389722694975e+01,-1.208768942359474297e+00,3.330037248290643737e-01
5.717173854997999172e+01,9.586659231488566135e+00,-1.283967965311048687e+01,-1.127687240614119846e+00,3.409299111985564790e-01
5.737163973372118164e+01,9.764910811746718267e+00,-1.274897991354798066e+01,-1.043701272905906308e+00,3.479002776788807094e-01
5.757154091746237157e+01,9.933336574505684524e+00,-1.264209415523967728e+01,-9.597553881111987595e-01,3.542210146893344236e-01
5.777144210120356149e+01,1.009023893685812290e+01,-1.251904691591994556e+01,-8.756027905708069214e-01,3.594062521397252685e-01
5.797134328494475142e+01,1.023453133063528142e+01,-1.238086258313315113e+01,-7.907053882089162267e-01,3.629898361539782847e-01
5.817124446868593424e+01,1.036618360104657377e+01,-1.223021889420733643e+01,-7.077367224319377481e-01,3.650540923637693447e-01
5.837114565242712416e+01,1.048584952982415075e+01,-1.207013873605874998e+01,-6.281209709652957329e-01,3.654969547070867630e-01
5.857104683616831409e+01,1.059625883747093411e+01,-1.190377570988670541e+01,-5.523224403191850929e-01,3.646379076910438721e-01
5.877094801990950401e+01,1.069506717302278531e+01,-1.172985762835552137e+01,-4.803918145894774394e-01,3.623479506710530762e-01
5.897084920365069394e+01,1.077919283256349559e+01,-1.154855000695400769e+01,-4.119660673694314212e-01,3.586413107228368369e-01
5.917075038739188386e+01,1.085097347740009432e+01,-1.136198813511286687e+01,-3.455076657754987401e-01,3.536796300099403489e-01
5.937065157113306668e+01,1.091075894434073135e+01,-1.117119986047912583e+01,-2.795592267158251154e-01,3.478444699749786984e-01
5.957055275487425661e+01,1.095936257600839170e+01,-1.097729240767217718e+01,-2.124773335941736452e-01,3.419706034715933596e-01
5.977045393861544653e+01,1.099605026892807835e+01,-1.078080902649969630e+01,-1.460075335061237212e-01,3.361188819113902770e-01
5.997035512235663646e+01,1.102042520936292824e+01,-1.058235772243494743e+01,-8.213702967546909761e-02,3.302863310070096592e-01
6.017025630609782638e+01,1.103116233273790137e+01,-1.038277800003627505e+01,-1.967334439061763085e-02,3.251188886266375144e-01
6.037015748983901631e+01,1.102759762001503319e+01,-1.018302212258722150e+01,4.161576099873087742e-02,3.206420031202104060e-01
6.057005867358019913e+01,1.101042978274336015e+01,-9.983950699435565568e+00,1.026534495395396984e-01,3.169215562007933751e-01
6.076995985732138905e+01,1.098087967865670755e+01,-9.786268802804011457e+00,1.637118254952136809e-01,3.144339457951050298e-01
6.096986104106257898e+01,1.094038211849855280e+01,-9.590521623885930325e+00,2.250875086802579528e-01,3.133989612230504429e-01
6.116976222480376890e+01,1.088963277176260824e+01,-9.397182055591299488e+00,2.863322934685357257e-01,3.133050932906562003e-01
6.136966340854495883e+01,1.082895710695797931e+01,-9.206689142852606977e+00,3.469891532105870979e-01,3.134045300781397869e-01
6.156956459228614875e+01,1.075772640302271732e+01,-9.019955238213833937e+00,4.074511806620055854e-01,3.133136110904407579e-01
6.176946577602733868e+01,1.067512351526951875e+01,-8.838038527358749619e+00,4.682084568662290280e-01,3.137446691545696109e-01
6.196936695976852150e+01,1.058071621110077132e+01,-8.661958251352075422e+00,5.297871826277886775e-01,3.152939249793472176e-01
6.216926814350971142e+01,1.047463084852713244e+01,-8.492532244637335026e+00,5.920962914297538404e-01,3.175009900616128644e-01
6.236916932725090135e+01,1.035764087595794081e+01,-8.330369139257165045e+00,6.538133486522248461e-01,3.202242913525497614e-01
6.256907051099209127e+01,1.023020906679187370e+01,-8.176228190584128086e+00,7.147374444335810040e-01,3.227542802977207970e-01
6.276897169473328120e+01,1.009300575248659371e+01,-8.030585357673221125e+00,7.767225448676087218e-01,3.240718362559951160e-01
6.296887287847447112e+01,9.946761659439651737e+00,-7.893855687397021370e+00,8.410103992655031391e-01,3.236781205690983376e-01
6.316877406221565394e+01,9.792690554391384694e+00,-7.766273992487352729e+00,9.070935146434147001e-01,3.218674610412189940e-01
6.336867524595684387e+01,9.633336635214664767e+00,-7.646313855535469273e+00,9.734395043335983821e-01,3.193014470580223807e-01
6.356857642969803379e+01,9.468270912199868050e+00,-7.534064768392541467e+00,1.040157901189938006e+00,3.158672300241014974e-01
6.376847761343922372e+01,9.295020782061174103e+00,-7.433779124343043776e+00,1.108351081623598855e+00,3.110975665763311415e-01
6.396837879718041364e+01,9.113399315292175729e+00,-7.349396209465405505e+00,1.178415546920072998e+00,3.046106981793518242e-01
6.416827998092159646e+01,8.925925308435727956e+00,-7.281359024499870713e+00,1.249703130655697159e+00,2.964845495824193211e-01
6.436818116466278639e+01,8.734415467843643199e+00,-7.226148134283510771e+00,1.321880059079889591e+00,2.872220499825521856e-01
6.456808234840397631e+01,8.539503238806650742e+00,-7.184164396809276987e+00,1.393032703320536747e+00,2.770549649079506183e-01
6.476798353214516624e+01,8.341471328533231144e+00,-7.157449042363730030e+00,1.459358699190296704e+00,2.657223098894085367e-01
6.496788471588635616e+01,8.141711227403696682e+00,-7.146852357151362689e+00,1.519160297737978116e+00,2.527264709894274652e-01
6.516778589962754609e+01,7.941804804958898956e+00,-7.150663663413240556e+00,1.573166022866749003e+00,2.378574186901954157e-01
6.536768708336873601e+01,7.742553210436823541e+00,-7.165699683786644236e+00,1.623563897954051427e+00,2.213345599696697752e-01
6.556758826710992594e+01,7.544221160263039572e+00,-7.188389921492827739e+00,1.670295844399371177e+00,2.031834689355062618e-01
6.576748945085111586e+01,7.346236571834637630e+00,-7.215707792023336786e+00,1.711983893218467223e+00,1.834239511033083081e-01
6.596739063459230579e+01,7.148561559148005173e+00,-7.247849523334983779e+00,1.747627965553439466e+00,1.623625797533800041e-01
6.616729181833348150e+01,6.951996574613520607e+00,-7.286036644422190456e+00,1.777448539879728173e+00,1.403727588382026326e-01
6.636719300207467143e+01,6.757008611783309249e+00,-7.330588044008092830e+00,1.802133904413884657e+00,1.176774792428669364e-01
6.656709418581586135e+01,6.563694226238748541e+00,-7.381407783755602914e+00,1.822409753363036344e+00,9.499580149010505847e-02
6.676699536955705128e+01,6.371797931455672526e+00,-7.437405120922308654e+00,1.839086630734322547e+00,7.337575707623152088e-02
6.696689655329824120e+01,6.181077226765430588e+00,-7.497213985312980888e+00,1.851416813535896821e+00,5.336665408564650326e-02
6.716679773703943113e+01,5.991205399296613443e+00,-7.559597175343099273e+00,1.858053105799287508e+00,3.490187511603969062e-02
6.736669892078062105e+01,5.801561722495103268e+00,-7.622909376657116098e+00,1.858340315149041189e+00,1.752795555389984050e-02
6.756660010452181098e+01,5.611556939214862538e+00,-7.685203006244300639e+00,1.852490220326913573e+00,1.194051872538640525e-03
6.776650128826300090e+01,5.420853045220229482e+00,-7.745031062505148611e+00,1.841684380664344367e+00,-1.396544340566892306e-02
6.796640247200419083e+01,5.229102630591841105e+00,-7.801087951123585107e+00,1.827544984679549955e+00,-2.787142760548116591e-02
6.816630365574538075e+01,5.035913093695883802e+00,-7.852100813434121029e+00,1.810916743791160854e+00,-4.051937850361998772e-02
6.836620483948657068e+01,4.841139556023992263e+00,-7.897187197120102198e+00,1.792357407086456078e+00,-5.189594427124370052e-02
6.856610602322776060e+01,4.645096175231592461e+00,-7.936629297734299371e+00,1.772828166686837292e+00,-6.210114035407247879e-02
6.876600720696893632e+01,4.448339926196329230e+00,-7.971577194446463288e+00,1.752716713139188087e+00,-7.125399770880985750e-02
6.896590839071012624e+01,4.251264992482678196e+00,-8.003872884689878120e+00,1.732521444218523499e+00,-7.916484559552029732e-02
6.916580957445131617e+01,4.053686927654711170e+00,-8.033987596688218602e+00,1.712704545876418294e+00,-8.548289303261248639e-02
6.936571075819250609e+01,3.855631846595426904e+00,-8.061247863841288108e+00,1.693641079229801782e+00,-9.007207960813483349e-02
6.956561194193369602e+01,3.657190350684744296e+00,-8.085508568079426084e+00,1.675069692054748316e+00,-9.299115404915975214e-02
6.976551312567488594e+01,3.458315392370395536e+00,-8.106048108270661245e+00,1.656149719853191371e+00,-9.445178279911006780e-02
6.996541430941607587e+01,3.259065266157056939e+00,-8.122499548379865431e+00,1.636197338135588986e+00,-9.486699010748975147e-02
7.016531549315726579e+01,3.059503150898161827e+00,-8.134467606914663307e+00,1.615451105333109538e+00,-9.452119083685658896e-02
7.036521667689845572e+01,2.859726563859071646e+00,-8.141825222657752548e+00,1.594652690590116606e+00,-9.360240002391180536e-02
7.056511786063964564e+01,2.659822666789123158e+00,-8.144393997816713693e+00,1.574127923993899891e+00,-9.235868896790092042e-02
7.076501904438083557e+01,2.459937474695057968e+00,-8.141707435617297151e+00,1.554211460968661029e+00,-9.083192303968924686e-02
7.096492022812202549e+01,2.260193722234749014e+00,-8.134276937871094404e+00,1.534913886631237290e+00,-8.904365628435222113e-02
7.116482141186320121e+01,2.060626370738772195e+00,-8.123046478273248994e+00,1.516290475662474879e+00,-8.702804637963258705e-02
7.136472259560439113e+01,1.861235367840845312e+00,-8.108835940004878395e+00,1.498230008435106786e+00,-8.479699982952307313e-02
7.156462377934558106e+01,1.662012251065465795e+00,-8.092155722441100707e+00,1.480709384889188573e+00,-8.223900169721294617e-02
7.176452496308677098e+01,1.463005212589398196e+00,-8.072953122257228387e+00,1.464063916904189799e+00,-7.916458142897567218e-02
7.196442614682796091e+01,1.264297957372350512e+00,-8.050891694257764186e+00,1.448264512270533544e+00,-7.546543105132681728e-02
7.216432733056915083e+01,1.065968919141528914e+00,-8.025700593980985786e+00,1.433018785052872612e+00,-7.123470003340057199e-02
7.236422851431034076e+01,8.681410176000844414e-01,-7.997048978288999521e+00,1.418132795770531640e+00,-6.671378804007351004e-02
7.256412969805153068e+01,6.709048336526479694e-01,-7.964732184807501447e+00,1.403575941617484446e+00,-6.204744965583537664e-02
7.276403088179272061e+01,4.742491346682439768e-01,-7.928961666664869234e+00,1.389568534396738553e+00,-5.736344376837480830e-02
7.296393206553391053e+01,2.781488930820597560e-01,-7.890190589497796836e+00,1.376522798300811701e+00,-5.273363722355975391e-02
7.316383324927510046e+01,8.259420513523989260e-02,-7.848780436640903524e+00,1.364764356076984875e+00,-4.821410227829525663e-02
7.336373443301629038e+01,-1.124867157560836828e-01,-7.805157693096571592e+00,1.354620666357340131e+00,-4.385325405906784907e-02
7.356363561675748031e+01,-3.071629343907885668e-01,-7.759765527455206424e+00,1.346276216275417603e+00,-3.974678593514203301e-02
7.376353680049865602e+01,-5.015087720589392895e-01,-7.712978995380020741e+00,1.339647849092632459e+00,-3.611434283295537201e-02
7.396343798423984595e+01,-6.956351392357169594e-01,-7.665264855998271010e+00,1.334484758161603501e+00,-3.308361518641794730e-02
7.416333916798103587e+01,-8.896169942477453185e-01,-7.616987768014551463e+00,1.330653088130604456e+00,-3.072380386915730260e-02
7.436324035172222580e+01,-1.083532932671038118e+00,-7.568447219379479840e+00,1.327929386568727832e+00,-2.912358251997876693e-02
7.456314153546341572e+01,-1.277426727615823987e+00,-7.519790931401358236e+00,1.326060751307434060e+00,-2.838855960060981606e-02
7.476304271920460565e+01,-1.471297273188377774e+00,-7.471067339768909576e+00,1.324871054713276486e+00,-2.866780619339473132e-02
7.496294390294579557e+01,-1.665136413744497279e+00,-7.422226319943534101e+00,1.324083556551877372e+00,-3.010469374235572038e-02
7.516284508668698550e+01,-1.858978441350710886e+00,-7.373350407039484189e+00,1.323529353293475097e+00,-3.271292292200195240e-02
7.536274627042817542e+01,-2.052800811295782957e+00,-7.324430372112799681e+00,1.322903660488891298e+00,-3.639133401643348392e-02
7.556264745416936535e+01,-2.246597359343315947e+00,-7.275407809106670953e+00,1.321800793722337719e+00,-4.094309598298522673e-02
7.576254863791055527e+01,-2.440375592387098003e+00,-7.226311770132827661e+00,1.319677919257331578e+00,-4.605531932856195276e-02
7.596244982165174520e+01,-2.634119723541220370e+00,-7.177070521110466395e+00,1.315995435506474909e+00,-5.140947316881594453e-02
7.616235100539292091e+01,-2.827837870723810099e+00,-7.127717389104604173e+00,1.310184289803339563e+00,-5.723735890210462918e-02
7.636225218913411084e+01,-3.021444774912353193e+00,-7.077964843754157798e+00,1.301696023359972809e+00,-6.413338886444204523e-02
7.656215337287530076e+01,-3.214787781645418452e+00,-7.027173801249388951e+00,1.290077808240100765e+00,-7.178961478325818213e-02
7.676205455661649069e+01,-3.407574433690031324e+00,-6.974347210145492859e+00,1.274953966530286920e+00,-7.972321443794219697e-02
7.696195574035768061e+01,-3.599472415640281753e+00,-6.918405017160741188e+00,1.256163519995554534e+00,-8.776662437864236888e-02
7.716185692409887054e+01,-3.790117270886163681e+00,-6.858360101602466230e+00,1.233977315762135873e+00,-9.545955742021483559e-02
7.736175810784006046e+01,-3.979047597543236670e+00,-6.793191218105781637e+00,1.209127251401219461e+00,-1.034069046882130777e-01
7.756165929158125039e+01,-4.165793847352615487e+00,-6.722041245695497658e+00,1.182584749214860675e+00,-1.111276194681823787e-01
7.776156047532244031e+01,-4.349875210727921271e+00,-6.644321883356690606e+00,1.155517592065472332e+00,-1.186150789758131374e-01
7.796146165906363024e+01,-4.530973798713718637e+00,-6.559752049686592201e+00,1.128948467322459237e+00,-1.268431203665129903e-01
7.816136284280482016e+01,-4.709203931281545685e+00,-6.468934743804321208e+00,1.101816772155604252e+00,-1.354920246271630602e-01
7.836126402654601009e+01,-4.884880532060938307e+00,-6.373009208173903595e+00,1.071522579542008469e+00,-1.437464116678502102e-01
7.856116521028720001e+01,-5.058348937772620069e+00,-6.273220258126476878e+00,1.039044171797488314e+00,-1.515557136668340688e-01
7.876106639402837573e+01,-5.229941267173565222e+00,-6.170826300214595328e+00,1.006135755957331401e+00,-1.593126602372501310e-01
7.896096757776956565e+01,-5.400120215120814748e+00,-6.066626755163807339e+00,9.731905144267001262e-01,-1.669507385267204325e-01
7.916086876151075558e+01,-5.567673483915705823e+00,-5.957702921856988354e+00,9.418797827392570987e-01,-1.750393363614868858e-01
7.936076994525194550e+01,-5.728909908537247908e+00,-5.838886547220205614e+00,9.094804074051703324e-01,-1.832092071428304825e-01
7.956067112899313543e+01,-5.883336285914708697e+00,-5.711657228539335662e+00,8.775099401617376671e-01,-1.921213748011910694e-01
7.976057231273432535e+01,-6.032526368670468209e+00,-5.578427846661933032e+00,8.454520253209394376e-01,-2.022032985433831476e-01
7.996047349647551528e+01,-6.176241873054857834e+00,-5.439936895289045893e+00,8.088736372926348395e-01,-2.129114554609264076e-01
8.016037468021670520e+01,-6.317503938665445240e+00,-5.298966275234866075e+00,7.684839675941343984e-01,-2.237859807092130726e-01
8.036027586395789513e+01,-6.453349293380314933e+00,-5.152402321063364710e+00,7.269944663409417807e-01,-2.337581467351718123e-01
8.056017704769908505e+01,-6.586057632747602142e+00,-5.003883526556370143e+00,6.841544769452836405e-01,-2.429289578295332486e-01
8.076007823144027498e+01,-6.716701923854352607e+00,-4.852712004537872659e+00,6.380181792026031751e-01,-2.518890652323450552e-01
8.095997941518146490e+01,-6.838821421706212433e+00,-4.693936423832475668e+00,5.886905148364109941e-01,-2.608542329365024504e-01
8.115988059892264062e+01,-6.950110011842252078e+00,-4.527691562700366212e+00,5.341659049634701617e-01,-2.703160880216539663e-01
8.135978178266383054e+01,-7.049541479973821190e+00,-4.354229191853977277e+00,4.766525037984910007e-01,-2.800954468064756342e-01
8.155968296640502047e+01,-7.137002948837956495e+00,-4.174464241900809114e+00,4.144789443200078694e-01,-2.909984253168240165e-01
8.175958415014621039e+01,-7.211144366451178733e+00,-3.988854027140587011e+00,3.471040173615678182e-01,-3.014835434522221136e-01
8.195948533388740032e+01,-7.272143966805781901e+00,-3.798531350576169974e+00,2.777234277484887937e-01,-3.098027174772111092e-01
8.215938651762859024e+01,-7.319860046707836965e+00,-3.604442679080710032e+00,2.071151231865149267e-01,-3.163796063938335568e-01
8.235928770136978017e+01,-7.354326565690196382e+00,-3.407551317846058136e+00,1.369519747118628228e-01,-3.217629947119442502e-01
8.255918888511097009e+01,-7.375826226616729819e+00,-3.208818898793405872e+00,6.780844709474909138e-02,-3.268855982640242464e-01
8.275909006885216002e+01,-7.383616954207049332e+00,-3.009132564846942248e+00,-9.226902708165951594e-04,-3.307854087641673990e-01
8.295899125259334994e+01,-7.376072079304188733e+00,-2.809448888992067239e+00,-6.971088453143492458e-02,-3.336190066065720661e-01
8.315889243633453987e+01,-7.352887514136467573e+00,-2.610875028022404010e+00,-1.388503368570654928e-01,-3.346482125328002488e-01
8.335879362007572979e+01,-7.316900187420087853e+00,-2.414241823712501844e+00,-2.103478201374651135e-01,-3.339888399318710066e-01
8.355869480381691972e+01,-7.269732320670909687e+00,-2.220048739352105116e+00,-2.859086535913655247e-01,-3.303922636011065173e-01
8.375859598755809543e+01,-7.209336497497808693e+00,-2.029509166245373475e+00,-3.598863189708054744e-01,-3.250208034191048867e-01
8.395849717129928536e+01,-7.135656748414114681e+00,-1.843799945094719783e+00,-4.297249617059948346e-01,-3.193181693324819714e-01
8.415839835504047528e+01,-7.048676282566129991e+00,-1.663944936723912305e+00,-4.964091889998378804e-01,-3.133393957595570489e-01
8.435829953878166521e+01,-6.945370134922185912e+00,-1.492119185245999846e+00,-5.594216041996069588e-01,-3.084200427434689029e-01
8.455820072252285513e+01,-6.824166377158086938e+00,-1.332185572901830595e+00,-6.227418838732173834e-01,-3.027499928749320390e-01
8.475810190626404506e+01,-6.695519574602086799e+00,-1.180414448728211552e+00,-6.844697163227960734e-01,-2.946642093020834796e-01
8.495800309000523498e+01,-6.561587384535896739e+00,-1.032216276834890589e+00,-7.451261719478519119e-01,-2.869950323037480100e-01
8.515790427374642491e+01,-6.421267886402453051e+00,-8.909061608393915588e-01,-8.037655714801265061e-01,-2.783843979269011171e-01
8.535780545748761483e+01,-6.276753439230276399e+00,-7.530478983779123059e-01,-8.586427853760605355e-01,-2.686341119455066262e-01
8.555770664122880476e+01,-6.123651900522672165e+00,-6.239619736161168273e-01,-9.064371475358363739e-01,-2.576372664457524664e-01
8.575760782496999468e+01,-5.964021312436929456e+00,-5.035388187774091362e-01,-9.523368495182605864e-01,-2.467642104743832387e-01
8.595750900871118461e+01,-5.797410740855768019e+00,-3.931799943386939944e-01,-9.989181730441644147e-01,-2.366080952924517200e-01
8.615741019245236032e+01,-5.625155991678372658e+00,-2.917799140900993460e-01,-1.045623199315169005e+00,-2.266011298749431024e-01
8.635731137619355025e+01,-5.447961072512227609e+00,-1.994356346439399852e-01,-1.096118657966685062e+00,-2.163601382568110798e-01
8.655721255993474017e+01,-5.267670317172778560e+00,-1.132724163371095910e-01,-1.142593191971956967e+00,-2.059401870830489256e-01
8.675711374367593010e+01,-5.084200447109266108e+00,-3.382250155192644686e-02,-1.178997175183772894e+00,-1.973479376548938069e-01
8.695701492741712002e+01,-4.897789683060929988e+00,3.863973591744337271e-02,-1.217123818238632138e+00,-1.871853555497249577e-01
8.715691611115830995e+01,-4.708030318072484732e+00,1.018316036402320546e-01,-1.251837750470377486e+00,-1.771296287025140304e-01
8.735681729489949987e+01,-4.514941418747056900e+00,1.522849321113674825e-01,-1.284353359560859609e+00,-1.672838976301680991e-01
8.755671847864068980e+01,-4.320610993325417759e+00,1.990324536250704102e-01,-1.315948544358363614e+00,-1.585806469645408556e-01
8.775661966238187972e+01,-4.128316982813345248e+00,2.549000868297656153e-01,-1.346455474546588871e+00,-1.496991020117487692e-01
8.795652084612306965e+01,-3.932823294842664019e+00,2.952181489285838345e-01,-1.375689728340178775e+00,-1.400234325297088633e-01
8.815642202986425957e+01,-3.736215892946459505e+00,3.320123528296732296e-01,-1.402365870981679530e+00,-1.297279053394297943e-01
8.835632321360544950e+01,-3.538751423251431660e+00,3.629088760113993728e-01,-1.424434559238484832e+00,-1.179881439036097324e-01
8.855622439734663942e+01,-3.340533676000073449e+00,3.887702227961530865e-01,-1.446095627428886310e+00,-1.068694530383534347e-01
8.875612558108781514e+01,-3.141714972806294970e+00,4.094173270232169815e-01,-1.473471443244706913e+00,-9.799931709362044718e-02
8.895602676482900506e+01,-2.942435343759997490e+00,4.250579657734065431e-01,-1.493497655015957326e+00,-8.853830257428232930e-02
8.915592794857019499e+01,-2.742839436777122941e+00,4.359955373121345845e-01,-1.511934020545521618e+00,-7.988110350576364815e-02
8.935582913231138491e+01,-2.543062866506586861e+00,4.429712039830976389e-01,-1.527447768518268578e+00,-7.177156161631099984e-02
8.955573031605257484e+01,-2.343201905557811937e+00,4.469029007259623376e-01,-1.540446328468940917e+00,-6.394723611390276674e-02
8.975563149979376476e+01,-2.143309458506641896e+00,4.487030087483364071e-01,-1.550837403461090780e+00,-5.637758051560112088e-02
8.995553268353495469e+01,-1.943409288001231472e+00,4.493042240405198395e-01,-1.558735171328029301e+00,-4.911310206320328164e-02
9.015543386727614461e+01,-1.743508181593652617e+00,4.494433796140305248e-01,-1.564278436147508167e+00,-4.248041026877878712e-02
9.035533505101733454e+01,-1.543606979898517695e+00,4.494497242068069554e-01,-1.567838050641832348e+00,-3.699314955624203455e-02
9.055523623475852446e+01,-1.343705854658633569e+00,4.493925585046315008e-01,-1.569859795334762609e+00,-3.160393461537747140e-02
9.075513741849971439e+01,-1.143804498086615773e+00,4.492987648614545915e-01,-1.570800765040630598e+00,-2.478121657364464742e-02
9.095503860224090431e+01,-9.439040541458363354e-01,4.491637312745683785e-01,-1.571102048059324519e+00,-1.979856321452037882e-02
9.115493978598208002e+01,-7.440008038902043985e-01,4.490239334382660208e-01,-1.571204293457468593e+00,-1.519951244098283888e-02
9.135484096972326995e+01,-5.441053612712095644e-01,4.488846895522558555e-01,-1.571297762081943938e+00,-1.130819776294399864e-02
9.155474215346445988e+01,-3.441911472524691873e-01,4.487750377376066302e-01,-1.571611108281292468e+00,-7.978747199833774104e-03
9.175464333720564980e+01,-1.443058421765899824e-01,4.486941366790640484e-01,-1.571854376177245438e+00,-5.307317212908391202e-03
9.195454452094683973e+01,5.554483823714150698e-02,4.486931012384731132e-01,-1.572045073132901649e+00,-3.261746367574328009e-03
9.215444570468802965e+01,2.554996897259169675e-01,4.486278509990685448e-01,-1.572203556952483927e+00,-1.808787321166628517e-03
